location,current_speed,free_flow_speed,incident_count,temperature,wind_speed,weather_condition,congestion_level
San Francisco,13.0,13.0,0,15.77,8.94,cloudy,Low
New York,9.0,28.0,0,28.23,9.26,partly cloudy,High
New Delhi,24.0,24.0,1,28.07,0.0,fog,Low
London,10.0,13.0,0,12.26,4.63,partly cloudy,Medium
Melbourne,13.0,19.0,0,12.87,2.24,cloudy,Medium
Dubai,80.0,80.0,0,33.01,2.06,clear,Low
Mumbai,18.0,18.0,0,29.0,2.57,fog,Low
San Francisco,13.0,13.0,0,9.71,4.63,clear,Low
New York,28.0,28.0,0,16.57,3.09,clear,Low
New Delhi,24.0,24.0,1,35.07,3.09,fog,Low
London,13.0,13.0,0,12.76,4.12,cloudy,Low
Melbourne,14.0,20.0,0,15.76,4.63,clear,Medium
Dubai,80.0,80.0,0,42.01,7.2,clear,Low
Mumbai,11.0,18.0,0,32.0,5.14,711,Medium
Los Angeles,28.0,28.0,0,13.33,4.12,mist,Low
Paris,10.0,16.0,0,14.02,6.69,cloudy,Medium
Berlin,12.0,20.0,0,12.55,6.69,cloudy,Medium
Singapore,49.0,49.0,0,30.69,3.6,cloudy,Low
Bangkok,27.0,27.0,0,32.1,5.41,cloudy,Low
San Francisco,13.0,13.0,0,9.6,4.63,clear,Low
New York,28.0,28.0,0,17.15,3.6,mist,Low
New Delhi,24.0,24.0,1,35.07,4.12,fog,Low
London,13.0,16.0,0,12.52,4.63,cloudy,Low
Melbourne,13.0,19.0,0,15.92,6.69,clear,Medium
Dubai,80.0,80.0,0,41.01,6.69,clear,Low
Mumbai,18.0,18.0,0,31.0,5.14,fog,Low
Los Angeles,28.0,28.0,0,13.33,4.63,cloudy,Low
Paris,16.0,16.0,0,14.41,7.2,partly cloudy,Low
Berlin,13.0,20.0,0,12.1,7.15,cloudy,Medium
Singapore,49.0,49.0,0,30.13,3.09,cloudy,Low
Bangkok,27.0,27.0,0,31.69,5.41,cloudy,Low
San Francisco,13.0,13.0,0,9.6,4.63,clear,Low
New York,28.0,28.0,0,17.17,3.6,mist,Low
New Delhi,22.0,24.0,1,35.07,4.12,fog,Low
London,14.0,16.0,0,12.73,4.63,cloudy,Low
Melbourne,20.0,20.0,0,15.42,6.69,clear,Low
Dubai,80.0,80.0,0,41.01,6.69,clear,Low
Mumbai,18.0,18.0,0,31.0,5.14,fog,Low
Los Angeles,28.0,28.0,0,13.33,4.63,cloudy,Low
Paris,13.0,16.0,0,14.47,7.2,partly cloudy,Low
Berlin,21.0,21.0,0,12.44,6.71,cloudy,Low
Singapore,49.0,49.0,0,30.13,3.09,cloudy,Low
Bangkok,27.0,27.0,0,31.69,5.41,cloudy,Low
San Francisco,13.0,13.0,0,9.51,6.26,clear,Low
New York,20.0,28.0,0,17.43,3.6,mist,Medium
New Delhi,24.0,25.0,1,34.07,4.12,fog,Low
London,13.0,13.0,0,12.87,6.69,cloudy,Low
Melbourne,15.0,19.0,0,15.1,7.2,clear,Medium
Dubai,80.0,80.0,0,40.01,6.69,clear,Low
Mumbai,18.0,18.0,0,31.0,4.63,fog,Low
Los Angeles,28.0,28.0,0,13.17,4.63,cloudy,Low
Paris,16.0,16.0,0,15.25,6.69,partly cloudy,Low
Berlin,16.0,20.0,0,13.05,8.49,cloudy,Medium
Singapore,49.0,49.0,0,29.96,2.57,cloudy,Low
Bangkok,27.0,27.0,0,31.93,5.45,cloudy,Low
San Francisco,13.0,13.0,0,9.45,6.71,clear,Low
New York,20.0,28.0,0,17.64,2.06,cloudy,Medium
New Delhi,24.0,25.0,1,34.07,4.12,fog,Low
London,9.0,13.0,0,12.77,6.69,cloudy,Medium
Melbourne,15.0,19.0,0,15.13,7.2,clear,Medium
Dubai,80.0,80.0,0,38.01,7.72,clear,Low
Mumbai,12.0,17.0,0,31.0,4.63,fog,Medium
Los Angeles,28.0,28.0,0,13.17,4.63,cloudy,Low
Paris,11.0,16.0,0,15.25,6.69,partly cloudy,Medium
Berlin,14.0,21.0,0,12.93,6.71,cloudy,Medium
Singapore,49.0,49.0,0,29.96,2.57,cloudy,Low
Bangkok,21.0,27.0,0,31.03,5.45,cloudy,Medium
San Francisco,13.0,13.0,0,9.29,6.71,clear,Low
New York,28.0,28.0,0,17.82,3.6,cloudy,Low
New Delhi,24.0,24.0,1,34.07,4.12,fog,Low
London,10.0,12.0,0,13.25,4.63,cloudy,Low
Melbourne,20.0,20.0,0,15.49,7.2,clear,Low
Dubai,80.0,80.0,0,38.01,7.72,clear,Low
Singapore,49.0,49.0,0,29.52,2.85,cloudy,Low
Bangkok,27.0,27.0,0,28.92,5.45,cloudy,Low
San Francisco,13.0,13.0,0,9.23,1.88,clear,Low
New York,22.0,27.0,0,17.51,3.78,cloudy,Low
New Delhi,22.0,24.0,1,38.18,0.52,cloudy,Low
London,10.0,13.0,0,13.08,5.17,partly cloudy,Medium
Melbourne,20.0,20.0,0,14.85,4.79,cloudy,Low
Dubai,80.0,80.0,0,38.73,4.22,cloudy,Low
Mumbai,14.0,17.0,0,29.79,5.29,clear,Low
Los Angeles,28.0,28.0,0,12.96,1.99,cloudy,Low
Paris,11.0,15.0,0,14.64,4.7,cloudy,Medium
Berlin,12.0,21.0,0,12.8,7.02,cloudy,Medium
Singapore,49.0,49.0,0,29.52,2.85,cloudy,Low
Bangkok,27.0,27.0,0,28.92,5.45,cloudy,Low
San Francisco,13.0,13.0,0,9.01,1.56,clear,Low
New York,17.0,28.0,0,18.49,3.25,cloudy,Medium
New Delhi,23.0,24.0,1,37.75,1.62,clear,Low
London,13.0,13.0,0,13.08,5.17,partly cloudy,Low
Melbourne,15.0,20.0,0,14.83,4.79,cloudy,Medium
Dubai,80.0,80.0,0,38.73,4.22,cloudy,Low
Mumbai,18.0,18.0,0,29.79,5.29,clear,Low
Los Angeles,28.0,28.0,0,12.96,1.99,cloudy,Low
Paris,11.0,16.0,0,14.87,4.98,partly cloudy,Medium
Berlin,13.0,21.0,0,12.8,7.02,cloudy,Medium
Singapore,49.0,49.0,0,28.86,2.53,cloudy,Low
Bangkok,19.0,26.0,0,28.56,4.87,partly cloudy,Medium
San Francisco,13.0,13.0,0,9.01,1.56,clear,Low
New York,28.0,28.0,0,18.49,3.25,cloudy,Low
New Delhi,23.0,24.0,1,37.75,1.62,clear,Low
London,13.0,13.0,0,13.15,5.17,partly cloudy,Low
Melbourne,16.0,20.0,0,14.83,4.79,cloudy,Medium
Dubai,80.0,80.0,0,38.73,4.22,cloudy,Low
Mumbai,18.0,18.0,0,29.79,5.29,clear,Low
Los Angeles,28.0,28.0,0,12.96,1.99,cloudy,Low
Paris,11.0,15.0,0,14.87,4.98,partly cloudy,Medium
Berlin,12.0,21.0,0,12.8,7.02,cloudy,Medium
Singapore,49.0,49.0,0,28.86,2.53,cloudy,Low
Bangkok,27.0,27.0,0,28.56,4.87,partly cloudy,Low
San Francisco,13.0,13.0,0,9.01,1.56,clear,Low
New York,28.0,28.0,0,18.49,3.25,cloudy,Low
New Delhi,23.0,24.0,1,37.75,1.62,clear,Low
London,13.0,13.0,0,13.08,5.33,cloudy,Low
Melbourne,20.0,20.0,0,14.83,4.79,cloudy,Low
Dubai,80.0,80.0,0,37.48,3.38,partly cloudy,Low
Mumbai,18.0,18.0,0,29.7,5.02,clear,Low
Los Angeles,28.0,28.0,0,13.05,1.22,cloudy,Low
Paris,11.0,15.0,0,14.93,4.98,partly cloudy,Medium
Berlin,11.0,21.0,0,13.05,6.0,cloudy,Medium
Singapore,49.0,49.0,0,28.86,2.53,cloudy,Low
Bangkok,27.0,27.0,0,28.56,4.87,partly cloudy,Low
San Francisco,13.0,13.0,0,9.28,7.6,clear,Low
New York,28.0,28.0,0,18.28,3.6,cloudy,Low
New Delhi,22.0,24.0,1,33.07,4.63,fog,Low
London,9.0,12.0,0,13.03,6.17,cloudy,Medium
Melbourne,12.0,19.0,0,15.58,4.63,clear,Medium
Dubai,80.0,80.0,0,37.01,6.69,clear,Low
Mumbai,18.0,18.0,0,30.0,4.12,fog,Low
Los Angeles,28.0,28.0,0,13.04,4.63,cloudy,Low
Paris,11.0,15.0,0,15.35,7.2,clear,Medium
Berlin,17.0,21.0,0,13.03,6.69,partly cloudy,Low
Singapore,49.0,49.0,0,29.09,1.54,cloudy,Low
Bangkok,22.0,27.0,0,30.57,4.87,partly cloudy,Low
New York,19.0,27.0,0,18.43,3.6,cloudy,Medium
Los Angeles,20.0,27.0,0,13.03,4.63,cloudy,Medium
Chicago,18.0,18.0,0,7.3,4.63,cloudy,Low
Houston,18.0,18.0,0,16.51,2.57,clear,Low
Phoenix,18.0,18.0,0,20.74,1.34,cloudy,Low
Philadelphia,0.0,0.0,1,20.07,3.09,cloudy,High
San Antonio,22.0,22.0,0,15.39,2.57,clear,Low
San Diego,15.0,15.0,0,12.19,3.6,mist,Low
Dallas,99.0,99.0,0,13.11,1.71,clear,Low
San Jose,27.0,27.0,0,7.39,0.45,cloudy,Low
Austin,15.0,15.0,0,15.21,3.13,clear,Low
Jacksonville,36.0,58.0,0,20.32,3.09,cloudy,Medium
Fort Worth,12.0,12.0,0,13.17,0.0,clear,Low
Columbus,33.0,33.0,0,10.57,1.54,cloudy,Low
Charlotte,14.0,14.0,0,14.24,2.57,cloudy,Low
San Francisco,13.0,13.0,0,9.32,6.71,clear,Low
Indianapolis,19.0,19.0,0,8.45,7.2,cloudy,Low
Seattle,10.0,14.0,0,5.8,0.45,clear,Medium
Denver,37.0,38.0,1,10.9,0.45,clear,Low
Washington,23.0,23.0,0,18.15,3.09,rain,Low
Boston,17.0,21.0,0,18.91,4.63,cloudy,Low
El Paso,41.0,41.0,0,17.3,4.47,partly cloudy,Low
Nashville,9.0,9.0,0,10.6,3.09,mist,Low
Detroit,17.0,17.0,0,8.6,9.77,cloudy,Low
Oklahoma City,26.0,26.0,0,11.82,3.6,partly cloudy,Low
Portland,83.0,83.0,0,3.9,0.89,clear,Low
Las Vegas,23.0,23.0,0,16.74,4.63,rain,Low
Memphis,20.0,20.0,0,12.89,2.57,partly cloudy,Low
Louisville,18.0,18.0,0,9.98,3.09,rain,Low
Baltimore,16.0,16.0,0,19.1,4.12,rain,Low
Milwaukee,23.0,23.0,0,7.81,5.66,cloudy,Low
Albuquerque,13.0,16.0,0,12.05,1.54,partly cloudy,Low
Tucson,41.0,41.0,0,18.0,5.66,clear,Low
Fresno,31.0,31.0,0,10.97,4.12,cloudy,Low
Sacramento,32.0,32.0,0,10.89,1.54,clear,Low
Kansas City,20.0,20.0,0,9.21,1.54,clear,Low
Atlanta,13.0,27.0,0,12.61,2.57,cloudy,High
Miami,2.0,5.0,0,26.48,2.57,cloudy,High
Orlando,14.0,14.0,0,22.66,3.6,clear,Low
Tampa,20.0,20.0,0,23.13,5.14,partly cloudy,Low
Minneapolis,14.0,14.0,0,12.09,2.57,clear,Low
St. Louis,46.0,46.0,0,9.43,4.12,cloudy,Low
Cleveland,20.0,20.0,0,9.87,8.23,rain,Low
Cincinnati,23.0,33.0,0,9.5,4.63,mist,Medium
Pittsburgh,10.0,15.0,1,15.9,1.34,clear,Medium
Paris,11.0,15.0,0,15.38,7.2,clear,Medium
London,8.0,13.0,0,13.08,6.17,cloudy,Medium
Berlin,15.0,21.0,0,13.02,6.69,partly cloudy,Medium
Amsterdam,21.0,30.0,0,12.41,5.66,partly cloudy,Medium
Madrid,11.0,11.0,0,15.23,6.69,cloudy,Low
Rome,20.0,29.0,0,20.94,5.14,clear,Medium
Barcelona,21.0,29.0,0,20.9,6.69,partly cloudy,Medium
Lisbon,24.0,24.0,0,18.13,6.69,partly cloudy,Low
Warsaw,14.0,14.0,0,15.99,9.26,partly cloudy,Low
Vienna,39.0,39.0,0,16.06,5.36,partly cloudy,Low
Prague,32.0,41.0,0,13.96,5.66,clear,Medium
Brussels,16.0,16.0,0,13.55,3.09,partly cloudy,Low
Dublin,15.0,27.0,0,11.38,6.17,cloudy,Medium
Oslo,0.0,0.0,1,12.07,2.68,partly cloudy,High
Stockholm,26.0,26.0,0,6.29,7.2,cloudy,Low
Copenhagen,26.0,34.0,0,11.03,6.69,partly cloudy,Medium
Helsinki,16.0,23.0,0,7.58,6.71,partly cloudy,Medium
Bucharest,21.0,21.0,0,28.2,4.12,clear,Low
Budapest,23.0,34.0,0,20.1,0.89,cloudy,Medium
Athens,18.0,30.0,0,25.32,5.14,partly cloudy,Medium
Istanbul,44.0,52.0,0,17.84,2.57,clear,Low
Dubai,80.0,80.0,0,37.01,6.69,clear,Low
Doha,27.0,40.0,0,39.94,3.09,clear,Medium
Tel Aviv,18.0,24.0,0,23.15,6.69,partly cloudy,Medium
Riyadh,68.0,72.0,0,40.92,5.16,clear,Low
Jeddah,81.0,81.0,0,32.95,10.35,clear,Low
Cairo,25.0,25.0,0,24.33,5.66,cloudy,Low
Johannesburg,13.0,18.0,0,16.65,3.6,partly cloudy,Medium
Cape Town,14.0,21.0,0,25.28,4.12,clear,Medium
Lagos,54.0,54.0,0,32.12,3.09,cloudy,Low
Nairobi,82.0,82.0,0,26.02,7.2,cloudy,Low
Mumbai,11.0,18.0,0,30.0,4.12,fog,Medium
New Delhi,23.0,24.0,1,33.07,4.63,fog,Low
Bangalore,20.0,26.0,0,30.56,2.57,partly cloudy,Medium
Hyderabad,20.0,28.0,0,33.23,4.63,fog,Medium
Chennai,24.0,24.0,0,27.37,4.12,mist,Low
Kolkata,23.0,23.0,0,30.96,5.14,fog,Low
Singapore,49.0,49.0,0,29.09,1.54,cloudy,Low
Bangkok,19.0,26.0,0,30.57,4.87,partly cloudy,Medium
Kuala Lumpur,82.0,82.0,0,25.6,1.54,partly cloudy,Low
Jakarta,29.0,30.0,1,27.35,2.06,partly cloudy,Low
Manila,38.0,38.0,0,29.35,2.57,cloudy,Low
Hanoi,13.0,24.0,0,26.98,4.52,cloudy,Medium
Taipei,12.0,16.0,0,25.92,4.12,cloudy,Medium
Hong Kong,14.0,28.0,0,27.62,3.58,clear,High
Sydney,23.0,23.0,0,17.09,2.57,cloudy,Low
Melbourne,14.0,20.0,0,15.54,4.63,clear,Medium
Auckland,12.0,12.0,0,11.35,2.57,clear,Low
Brisbane,16.0,21.0,0,17.06,3.09,rain,Medium
Perth,18.0,18.0,0,17.3,3.6,cloudy,Low
Adelaide,22.0,22.0,0,20.51,7.2,clear,Low
New York,16.0,28.0,0,19.04,3.6,cloudy,Medium
Los Angeles,28.0,28.0,0,12.95,3.09,cloudy,Low
Chicago,18.0,18.0,0,7.74,4.63,cloudy,Low
Houston,18.0,18.0,0,17.98,4.12,clear,Low
Phoenix,18.0,18.0,0,21.04,0.45,cloudy,Low
Philadelphia,0.0,0.0,1,20.87,4.63,cloudy,High
San Antonio,22.0,22.0,0,16.69,3.09,partly cloudy,Low
San Diego,15.0,15.0,0,12.2,3.6,cloudy,Low
Dallas,99.0,99.0,0,15.57,0.45,clear,Low
San Jose,27.0,27.0,0,7.19,0.0,cloudy,Low
Austin,15.0,15.0,0,16.78,1.79,clear,Low
Jacksonville,59.0,59.0,0,21.43,3.6,cloudy,Low
Fort Worth,12.0,12.0,0,15.44,0.0,clear,Low
Columbus,33.0,33.0,0,10.66,2.57,cloudy,Low
Charlotte,14.0,14.0,0,14.59,2.57,cloudy,Low
San Francisco,13.0,13.0,0,9.12,6.69,partly cloudy,Low
Indianapolis,19.0,19.0,0,8.44,7.2,cloudy,Low
Seattle,14.0,14.0,0,6.09,0.89,partly cloudy,Low
Denver,37.0,38.0,1,12.4,0.45,clear,Low
Washington,23.0,23.0,0,18.34,2.06,rain,Low
Boston,11.0,20.0,0,19.94,6.17,cloudy,Medium
El Paso,41.0,41.0,0,17.62,4.92,partly cloudy,Low
Nashville,9.0,9.0,0,10.99,3.09,mist,Low
Detroit,17.0,17.0,0,9.42,11.32,cloudy,Low
Oklahoma City,26.0,26.0,0,13.91,3.6,partly cloudy,Low
Portland,83.0,83.0,0,4.12,0.89,clear,Low
Las Vegas,23.0,23.0,0,16.81,3.09,cloudy,Low
Memphis,20.0,20.0,0,12.48,5.14,cloudy,Low
Louisville,18.0,18.0,0,10.11,3.6,rain,Low
Baltimore,16.0,16.0,0,19.34,4.12,rain,Low
Milwaukee,23.0,23.0,0,8.9,5.14,cloudy,Low
Albuquerque,17.0,17.0,0,12.61,3.6,cloudy,Low
Tucson,41.0,41.0,0,18.74,5.14,clear,Low
Fresno,31.0,31.0,0,11.01,4.12,cloudy,Low
Sacramento,32.0,32.0,0,10.87,1.54,clear,Low
Kansas City,20.0,20.0,0,11.13,1.54,clear,Low
Atlanta,27.0,27.0,0,12.84,3.6,cloudy,Low
Miami,7.0,7.0,0,26.97,4.63,cloudy,Low
Orlando,14.0,14.0,0,23.02,1.54,rain,Low
Tampa,20.0,20.0,0,23.67,5.14,cloudy,Low
Minneapolis,14.0,14.0,0,14.11,2.57,clear,Low
St. Louis,46.0,46.0,0,10.75,4.12,partly cloudy,Low
Cleveland,20.0,20.0,0,10.36,7.2,mist,Low
Cincinnati,33.0,33.0,0,9.63,3.09,mist,Low
Pittsburgh,9.0,14.0,1,16.15,1.34,partly cloudy,Medium
Paris,16.0,16.0,0,15.78,7.72,clear,Low
London,13.0,13.0,0,12.94,4.12,cloudy,Low
Berlin,13.0,21.0,0,13.23,7.2,partly cloudy,Medium
Amsterdam,18.0,30.0,0,12.9,7.72,partly cloudy,Medium
Madrid,11.0,11.0,0,15.29,7.2,cloudy,Low
Rome,29.0,29.0,0,20.75,5.14,clear,Low
Barcelona,29.0,29.0,0,20.76,5.66,partly cloudy,Low
Lisbon,24.0,24.0,0,18.42,7.72,cloudy,Low
Warsaw,14.0,14.0,0,15.65,10.29,clear,Low
Vienna,39.0,39.0,0,15.69,6.17,partly cloudy,Low
Prague,42.0,42.0,0,13.46,5.66,clear,Low
Brussels,16.0,16.0,0,13.21,4.63,partly cloudy,Low
Dublin,10.0,27.0,0,11.96,6.71,cloudy,High
Oslo,0.0,0.0,1,12.13,2.68,partly cloudy,High
Stockholm,26.0,26.0,0,6.51,8.23,cloudy,Low
Copenhagen,27.0,34.0,0,11.07,7.72,cloudy,Medium
Helsinki,17.0,23.0,0,7.54,5.81,cloudy,Medium
Bucharest,21.0,21.0,0,28.95,5.81,clear,Low
Budapest,23.0,33.0,0,20.43,4.63,cloudy,Medium
Athens,31.0,31.0,0,24.99,5.14,partly cloudy,Low
Istanbul,43.0,53.0,0,18.23,2.06,clear,Low
Dubai,80.0,80.0,0,37.01,5.66,clear,Low
Doha,22.0,41.0,0,38.94,3.09,clear,Medium
Tel Aviv,19.0,24.0,0,22.31,7.2,partly cloudy,Medium
Riyadh,62.0,71.0,0,40.92,6.08,partly cloudy,Low
Jeddah,81.0,81.0,0,31.95,10.15,clear,Low
Cairo,25.0,25.0,0,24.33,5.14,cloudy,Low
Johannesburg,19.0,19.0,0,16.12,3.6,partly cloudy,Low
Cape Town,22.0,22.0,0,25.27,4.12,clear,Low
Lagos,54.0,54.0,0,33.12,5.14,cloudy,Low
Nairobi,82.0,82.0,0,25.02,5.14,cloudy,Low
Mumbai,14.0,18.0,0,30.0,4.12,fog,Medium
New Delhi,22.0,24.0,1,33.07,4.12,fog,Low
Bangalore,19.0,26.0,0,30.13,2.57,partly cloudy,Medium
Hyderabad,20.0,28.0,0,28.23,5.14,fog,Medium
Chennai,24.0,24.0,0,27.31,4.02,mist,Low
Kolkata,23.0,23.0,0,30.96,3.6,fog,Low
Singapore,49.0,49.0,0,28.84,1.54,cloudy,Low
Bangkok,27.0,27.0,0,30.57,4.92,partly cloudy,Low
Kuala Lumpur,82.0,82.0,0,25.6,0.0,partly cloudy,Low
Jakarta,28.0,30.0,1,27.99,2.06,partly cloudy,Low
Manila,29.0,37.0,0,29.33,2.57,partly cloudy,Medium
Hanoi,14.0,24.0,0,26.98,5.3,partly cloudy,Medium
Taipei,17.0,17.0,0,25.97,5.14,cloudy,Low
Hong Kong,15.0,30.0,0,27.62,3.58,clear,High
Sydney,23.0,23.0,0,16.88,3.09,cloudy,Low
Melbourne,20.0,20.0,0,15.83,7.72,clear,Low
Auckland,12.0,12.0,0,11.12,1.54,clear,Low
Brisbane,21.0,21.0,0,17.24,3.6,rain,Low
Perth,18.0,18.0,0,17.13,3.09,rain,Low
Adelaide,22.0,22.0,0,20.74,6.69,clear,Low
Los Angeles,28.0,28.0,0,12.99,3.09,cloudy,Low
Chicago,18.0,18.0,0,8.2,1.79,cloudy,Low
Houston,18.0,18.0,0,19.76,3.6,clear,Low
Rome,29.0,29.0,0,20.97,4.12,rain,Low
Barcelona,25.0,29.0,0,20.58,6.17,partly cloudy,Low
Lisbon,24.0,24.0,0,17.98,7.72,partly cloudy,Low
Warsaw,14.0,14.0,0,15.64,8.75,clear,Low
Vienna,30.0,39.0,0,15.56,3.6,cloudy,Medium
Prague,30.0,42.0,0,13.85,4.12,clear,Medium
Brussels,16.0,16.0,0,13.3,5.14,partly cloudy,Low
Dublin,13.0,27.0,0,11.58,6.71,cloudy,High
Oslo,0.0,0.0,1,12.13,2.68,partly cloudy,High
Stockholm,26.0,26.0,0,6.45,7.2,cloudy,Low
Copenhagen,27.0,34.0,0,10.79,7.72,partly cloudy,Medium
Helsinki,18.0,23.0,0,7.36,7.15,partly cloudy,Medium
Bucharest,16.0,21.0,0,28.58,5.81,clear,Medium
Budapest,22.0,35.0,0,20.99,3.6,clear,Medium
Athens,23.0,30.0,0,24.6,5.66,partly cloudy,Medium
Istanbul,43.0,52.0,0,18.23,2.57,clear,Low
Dubai,80.0,80.0,0,36.01,4.12,clear,Low
Doha,23.0,40.0,0,38.94,3.09,clear,Medium
Tel Aviv,19.0,24.0,0,22.14,5.66,partly cloudy,Medium
Riyadh,61.0,72.0,0,39.92,6.08,partly cloudy,Low
Jeddah,81.0,81.0,0,30.95,10.15,clear,Low
Cairo,25.0,25.0,0,24.38,4.63,cloudy,Low
Johannesburg,13.0,19.0,0,15.64,3.6,partly cloudy,Medium
Cape Town,22.0,22.0,0,24.37,4.12,clear,Low
Lagos,54.0,54.0,0,33.14,5.14,cloudy,Low
Nairobi,82.0,82.0,0,24.98,5.14,cloudy,Low
Mumbai,18.0,18.0,0,30.0,4.12,fog,Low
New Delhi,22.0,24.0,1,32.07,2.06,fog,Low
Bangalore,17.0,25.0,0,29.9,1.54,partly cloudy,Medium
Chennai,24.0,24.0,0,27.32,1.54,storm,Low
Singapore,49.0,49.0,0,28.34,2.57,cloudy,Low
Bangkok,21.0,27.0,0,31.64,4.92,partly cloudy,Medium
Kuala Lumpur,65.0,81.0,0,25.53,1.06,cloudy,Low
Jakarta,23.0,29.0,1,27.15,2.06,partly cloudy,Medium
Manila,38.0,38.0,0,29.32,2.06,cloudy,Low
Hanoi,11.0,24.0,0,25.98,5.3,partly cloudy,High
Taipei,17.0,17.0,0,25.83,5.14,rain,Low
Hong Kong,17.0,29.0,0,27.28,4.92,clear,Medium
Sydney,23.0,23.0,0,16.25,2.57,rain,Low
Melbourne,20.0,20.0,0,16.07,7.72,partly cloudy,Low
Auckland,12.0,12.0,0,10.82,1.34,clear,Low
Brisbane,21.0,21.0,0,16.96,3.6,rain,Low
Perth,18.0,18.0,0,16.93,2.57,cloudy,Low
Adelaide,22.0,22.0,0,20.67,5.66,clear,Low
New York,22.0,28.0,0,19.69,4.12,partly cloudy,Medium
Los Angeles,28.0,28.0,0,13.23,2.57,cloudy,Low
Chicago,18.0,18.0,0,8.78,5.14,cloudy,Low
Houston,18.0,18.0,0,20.71,3.6,partly cloudy,Low
Phoenix,18.0,18.0,0,22.18,3.09,cloudy,Low
Philadelphia,0.0,0.0,1,21.51,6.17,cloudy,High
San Antonio,14.0,21.0,0,18.57,4.12,clear,Medium
San Diego,15.0,15.0,0,12.2,4.63,cloudy,Low
Dallas,99.0,99.0,0,18.35,0.89,711,Low
San Jose,27.0,27.0,0,8.07,0.45,partly cloudy,Low
Austin,15.0,15.0,0,19.4,2.68,clear,Low
Jacksonville,59.0,59.0,0,23.74,5.66,cloudy,Low
Fort Worth,12.0,12.0,0,18.13,2.24,clear,Low
Columbus,33.0,33.0,0,11.01,2.57,cloudy,Low
Charlotte,14.0,14.0,0,15.58,2.06,cloudy,Low
San Francisco,13.0,13.0,0,9.73,6.69,partly cloudy,Low
Indianapolis,19.0,19.0,0,8.3,6.69,mist,Low
Seattle,14.0,14.0,0,6.77,1.34,cloudy,Low
Denver,35.0,38.0,1,13.97,1.34,clear,Low
Washington,23.0,23.0,0,18.72,5.14,rain,Low
Boston,7.0,21.0,0,21.37,7.72,cloudy,High
El Paso,41.0,41.0,0,18.49,5.81,partly cloudy,Low
Nashville,9.0,9.0,0,11.6,4.63,cloudy,Low
Detroit,17.0,17.0,0,10.58,10.8,cloudy,Low
Oklahoma City,26.0,26.0,0,16.86,1.54,partly cloudy,Low
Portland,83.0,83.0,0,5.69,1.54,partly cloudy,Low
Las Vegas,18.0,23.0,0,16.39,3.09,cloudy,Medium
Memphis,20.0,20.0,0,13.5,3.09,cloudy,Low
Louisville,18.0,18.0,0,10.31,4.12,rain,Low
Baltimore,16.0,16.0,0,19.47,3.09,rain,Low
Milwaukee,23.0,23.0,0,10.26,6.69,clear,Low
Albuquerque,17.0,17.0,0,13.73,2.06,cloudy,Low
Tucson,41.0,41.0,0,20.48,3.6,clear,Low
Fresno,31.0,31.0,0,11.45,3.09,cloudy,Low
Sacramento,32.0,32.0,0,11.71,3.6,cloudy,Low
Kansas City,20.0,20.0,0,12.5,0.45,clear,Low
Atlanta,27.0,27.0,0,14.17,5.14,cloudy,Low
Miami,7.0,7.0,0,28.29,5.14,cloudy,Low
Orlando,14.0,14.0,0,21.55,5.14,502,Low
Tampa,15.0,20.0,0,24.89,5.14,cloudy,Medium
Minneapolis,14.0,14.0,0,16.88,2.06,clear,Low
St. Louis,46.0,46.0,0,11.95,5.14,clear,Low
Cleveland,20.0,20.0,0,10.53,4.63,cloudy,Low
Cincinnati,33.0,33.0,0,9.89,2.57,mist,Low
Pittsburgh,11.0,14.0,1,16.68,0.45,cloudy,Medium
Paris,9.0,15.0,0,15.81,7.72,cloudy,Medium
London,8.0,12.0,0,12.71,5.66,partly cloudy,Medium
Berlin,16.0,21.0,0,13.66,6.71,clear,Medium
Amsterdam,21.0,30.0,0,12.35,6.69,partly cloudy,Medium
Madrid,11.0,11.0,0,15.25,7.72,cloudy,Low
Rome,29.0,29.0,0,20.47,5.14,rain,Low
Barcelona,29.0,29.0,0,20.96,5.66,mist,Low
Lisbon,24.0,24.0,0,18.01,7.2,partly cloudy,Low
Warsaw,14.0,14.0,0,15.78,9.26,clear,Low
Vienna,39.0,39.0,0,15.51,4.12,cloudy,Low
Prague,42.0,42.0,0,14.04,4.63,clear,Low
Brussels,16.0,16.0,0,13.2,5.14,partly cloudy,Low
Dublin,12.0,27.0,0,12.1,6.71,cloudy,High
Oslo,0.0,0.0,1,12.16,2.68,partly cloudy,High
Stockholm,26.0,26.0,0,6.63,7.2,cloudy,Low
Copenhagen,24.0,34.0,0,10.79,7.72,partly cloudy,Medium
Helsinki,18.0,23.0,0,7.41,8.05,rain,Medium
Bucharest,21.0,21.0,0,28.58,5.81,clear,Low
Budapest,22.0,35.0,0,21.11,3.6,clear,Medium
Athens,15.0,31.0,0,24.49,5.66,partly cloudy,High
Istanbul,44.0,52.0,0,18.23,2.57,clear,Low
Dubai,80.0,80.0,0,36.01,4.12,clear,Low
Doha,20.0,40.0,0,37.94,4.12,clear,High
Tel Aviv,19.0,24.0,0,22.14,5.66,partly cloudy,Medium
Riyadh,62.0,71.0,0,39.92,6.08,partly cloudy,Low
Jeddah,81.0,81.0,0,30.95,10.15,clear,Low
Cairo,25.0,25.0,0,23.33,6.69,cloudy,Low
Johannesburg,11.0,18.0,0,15.51,1.03,clear,Medium
Cape Town,17.0,22.0,0,23.66,4.63,clear,Medium
Lagos,54.0,54.0,0,33.12,6.17,cloudy,Low
Nairobi,82.0,82.0,0,23.71,5.14,cloudy,Low
Mumbai,18.0,18.0,0,30.0,4.12,fog,Low
New Delhi,22.0,24.0,1,32.07,2.06,fog,Low
Bangalore,20.0,26.0,0,29.54,1.54,partly cloudy,Medium
Hyderabad,19.0,27.0,0,26.23,9.26,fog,Medium
Chennai,19.0,25.0,0,27.48,1.79,storm,Medium
Kolkata,23.0,23.0,0,29.96,5.66,fog,Low
Singapore,49.0,49.0,0,28.34,2.57,cloudy,Low
Bangkok,27.0,27.0,0,31.64,4.92,partly cloudy,Low
Kuala Lumpur,59.0,81.0,0,25.6,2.06,partly cloudy,Medium
Jakarta,28.0,30.0,1,27.15,2.06,partly cloudy,Low
Manila,38.0,38.0,0,29.32,2.06,cloudy,Low
Hanoi,14.0,24.0,0,26.98,5.3,partly cloudy,Medium
Taipei,17.0,17.0,0,26.09,6.17,cloudy,Low
Hong Kong,16.0,28.0,0,27.04,5.36,clear,Medium
Sydney,23.0,23.0,0,16.22,2.57,rain,Low
Melbourne,20.0,20.0,0,15.99,8.23,partly cloudy,Low
Auckland,12.0,12.0,0,10.82,1.54,clear,Low
Brisbane,14.0,20.0,0,16.77,3.6,rain,Medium
Perth,18.0,18.0,0,16.63,2.06,cloudy,Low
Adelaide,17.0,21.0,0,20.64,6.17,clear,Low
New York,28.0,28.0,0,20.53,4.92,partly cloudy,Low
Los Angeles,28.0,28.0,0,13.43,2.57,cloudy,Low
Chicago,18.0,18.0,0,9.78,5.14,cloudy,Low
Houston,18.0,18.0,0,22.31,1.79,clear,Low
Phoenix,18.0,18.0,0,22.36,5.14,cloudy,Low
Philadelphia,8.0,12.0,0,21.65,6.17,cloudy,Medium
San Antonio,11.0,22.0,0,20.37,5.64,clear,High
San Diego,15.0,15.0,0,12.36,4.63,cloudy,Low
Dallas,99.0,99.0,0,19.92,1.79,clear,Low
San Jose,27.0,27.0,0,9.71,0.0,partly cloudy,Low
Austin,15.0,15.0,0,20.7,1.79,clear,Low
Jacksonville,59.0,59.0,0,25.64,4.12,clear,Low
Fort Worth,12.0,12.0,0,19.87,1.79,clear,Low
Columbus,33.0,33.0,0,12.14,2.57,cloudy,Low
Charlotte,14.0,14.0,0,16.98,2.57,cloudy,Low
San Francisco,13.0,13.0,0,10.69,6.69,partly cloudy,Low
Indianapolis,19.0,19.0,0,8.15,4.63,mist,Low
Seattle,14.0,14.0,0,7.73,0.89,partly cloudy,Low
Denver,34.0,38.0,1,15.08,1.79,clear,Low
Washington,23.0,23.0,0,19.51,7.2,cloudy,Low
Boston,9.0,22.0,0,21.62,7.72,cloudy,High
El Paso,41.0,41.0,0,19.55,2.68,partly cloudy,Low
Nashville,9.0,9.0,0,11.86,4.63,cloudy,Low
Detroit,17.0,17.0,0,10.6,10.8,cloudy,Low
Oklahoma City,26.0,26.0,0,18.32,1.79,partly cloudy,Low
Portland,83.0,83.0,0,7.32,1.54,partly cloudy,Low
Las Vegas,23.0,23.0,0,15.93,3.09,cloudy,Low
Memphis,20.0,20.0,0,13.51,3.09,cloudy,Low
Louisville,18.0,18.0,0,10.55,3.6,rain,Low
Baltimore,16.0,16.0,0,19.77,4.12,rain,Low
Milwaukee,23.0,23.0,0,11.07,6.17,clear,Low
Albuquerque,17.0,17.0,0,14.35,0.89,cloudy,Low
Tucson,41.0,41.0,0,21.75,3.58,cloudy,Low
Fresno,31.0,31.0,0,11.86,3.09,cloudy,Low
Sacramento,32.0,32.0,0,13.22,3.6,clear,Low
Kansas City,20.0,20.0,0,15.02,0.89,clear,Low
Atlanta,20.0,27.0,0,15.45,3.09,cloudy,Medium
Miami,5.0,7.0,0,28.69,5.14,cloudy,Medium
Orlando,14.0,14.0,0,20.02,5.66,rain,Low
Tampa,20.0,20.0,0,25.72,5.14,cloudy,Low
Minneapolis,14.0,14.0,0,19.13,2.06,clear,Low
St. Louis,34.0,46.0,0,12.09,5.14,clear,Medium
Cleveland,20.0,20.0,0,10.89,5.14,cloudy,Low
Cincinnati,33.0,33.0,0,10.29,3.6,mist,Low
Pittsburgh,9.0,15.0,1,16.6,3.6,cloudy,Medium
Paris,11.0,15.0,0,15.4,6.17,cloudy,Medium
London,13.0,13.0,0,12.86,5.66,cloudy,Low
Berlin,14.0,20.0,0,13.7,7.2,clear,Medium
Amsterdam,24.0,31.0,0,12.64,5.66,partly cloudy,Medium
Madrid,11.0,11.0,0,15.13,6.69,partly cloudy,Low
Rome,16.0,28.0,0,20.19,5.14,rain,Medium
Barcelona,29.0,29.0,0,21.4,5.66,mist,Low
Lisbon,24.0,24.0,0,18.14,7.2,cloudy,Low
Warsaw,14.0,14.0,0,15.07,8.75,clear,Low
Vienna,39.0,39.0,0,15.47,3.6,cloudy,Low
Prague,42.0,42.0,0,14.25,4.63,clear,Low
Brussels,16.0,16.0,0,13.54,5.14,partly cloudy,Low
Dublin,21.0,27.0,0,12.49,5.66,partly cloudy,Medium
Oslo,0.0,0.0,1,12.16,2.68,partly cloudy,High
Stockholm,26.0,26.0,0,6.82,8.23,cloudy,Low
Copenhagen,26.0,35.0,0,11.07,7.72,partly cloudy,Medium
Helsinki,17.0,23.0,0,7.48,6.69,cloudy,Medium
Bucharest,21.0,21.0,0,28.65,5.81,clear,Low
Budapest,26.0,34.0,0,20.29,3.6,clear,Medium
Athens,25.0,31.0,0,24.9,5.66,partly cloudy,Low
Istanbul,44.0,52.0,0,18.32,2.57,clear,Low
Dubai,80.0,80.0,0,36.01,2.57,clear,Low
Doha,21.0,40.0,0,36.94,4.12,clear,Medium
Tel Aviv,20.0,24.0,0,21.21,5.66,partly cloudy,Low
Riyadh,68.0,71.0,0,39.92,6.63,cloudy,Low
Jeddah,81.0,81.0,0,30.95,9.65,clear,Low
Cairo,25.0,25.0,0,23.33,6.69,cloudy,Low
Johannesburg,19.0,19.0,0,15.24,1.03,clear,Low
Cape Town,16.0,22.0,0,21.85,4.63,clear,Medium
Lagos,54.0,54.0,0,33.12,6.17,cloudy,Low
Nairobi,82.0,82.0,0,25.02,5.14,cloudy,Low
Mumbai,18.0,18.0,0,29.0,3.09,fog,Low
New Delhi,23.0,24.0,1,31.07,2.57,fog,Low
Bangalore,19.0,26.0,0,29.03,1.54,partly cloudy,Medium
Hyderabad,21.0,27.0,0,27.23,9.26,fog,Medium
Chennai,19.0,24.0,0,27.17,3.13,storm,Medium
Kolkata,23.0,23.0,0,29.96,5.14,fog,Low
Singapore,49.0,49.0,0,28.34,2.57,cloudy,Low
Bangkok,27.0,27.0,0,30.37,5.01,partly cloudy,Low
Kuala Lumpur,82.0,82.0,0,25.6,2.06,partly cloudy,Low
Jakarta,30.0,30.0,1,27.15,2.06,partly cloudy,Low
Manila,38.0,38.0,0,29.32,2.06,cloudy,Low
Hanoi,18.0,25.0,0,26.98,5.77,partly cloudy,Medium
Taipei,17.0,17.0,0,25.92,6.17,rain,Low
Hong Kong,16.0,28.0,0,27.45,4.92,clear,Medium
Sydney,23.0,23.0,0,15.92,1.54,rain,Low
Melbourne,20.0,20.0,0,15.72,7.72,partly cloudy,Low
Auckland,12.0,12.0,0,10.24,2.06,clear,Low
Brisbane,21.0,21.0,0,16.76,2.57,rain,Low
Perth,18.0,18.0,0,16.38,3.09,partly cloudy,Low
Adelaide,22.0,22.0,0,20.15,6.69,clear,Low
New York,21.0,28.0,0,20.96,5.66,clear,Medium
Los Angeles,20.0,28.0,0,13.95,2.57,cloudy,Medium
Chicago,18.0,18.0,0,10.49,5.66,cloudy,Low
Houston,18.0,18.0,0,22.83,4.12,partly cloudy,Low
Phoenix,13.0,17.0,0,22.66,5.14,cloudy,Medium
Philadelphia,13.0,13.0,0,21.35,4.12,cloudy,Low
San Antonio,22.0,22.0,0,20.91,5.14,cloudy,Low
San Diego,15.0,15.0,0,12.63,4.63,cloudy,Low
Dallas,99.0,99.0,0,20.84,3.09,711,Low
San Jose,27.0,27.0,0,11.06,1.79,partly cloudy,Low
Austin,15.0,15.0,0,21.63,4.63,clear,Low
Jacksonville,36.0,59.0,0,26.34,7.72,partly cloudy,Medium
Fort Worth,12.0,12.0,0,20.78,2.24,clear,Low
Columbus,24.0,32.0,0,12.98,0.45,cloudy,Medium
Charlotte,14.0,14.0,0,17.21,2.57,cloudy,Low
San Francisco,13.0,13.0,0,11.08,6.17,partly cloudy,Low
Indianapolis,19.0,19.0,0,8.07,6.17,mist,Low
Seattle,14.0,14.0,0,8.36,1.54,cloudy,Low
Denver,33.0,37.0,1,16.01,1.34,clear,Low
Washington,23.0,23.0,0,19.91,4.63,cloudy,Low
Boston,12.0,21.0,0,21.78,7.72,cloudy,Medium
El Paso,41.0,41.0,0,19.81,2.68,partly cloudy,Low
Nashville,9.0,9.0,0,12.34,5.66,rain,Low
Detroit,17.0,17.0,0,10.75,9.26,rain,Low
Oklahoma City,26.0,26.0,0,18.77,1.79,partly cloudy,Low
Portland,83.0,83.0,0,8.27,1.54,partly cloudy,Low
Las Vegas,23.0,23.0,0,15.45,7.2,cloudy,Low
Memphis,20.0,20.0,0,14.29,3.09,cloudy,Low
Louisville,18.0,18.0,0,10.49,2.06,rain,Low
Baltimore,16.0,16.0,0,19.81,4.12,cloudy,Low
Milwaukee,15.0,23.0,0,11.8,6.17,clear,Medium
Albuquerque,12.0,16.0,0,14.86,2.57,cloudy,Medium
Tucson,41.0,41.0,0,22.41,4.47,clear,Low
Fresno,31.0,31.0,0,12.59,4.12,cloudy,Low
Sacramento,32.0,32.0,0,14.84,7.72,clear,Low
Kansas City,20.0,20.0,0,15.38,1.34,clear,Low
Atlanta,20.0,26.0,0,16.12,4.12,cloudy,Medium
Miami,7.0,7.0,0,28.6,4.12,cloudy,Low
Orlando,14.0,14.0,0,19.74,4.63,mist,Low
Tampa,16.0,20.0,0,26.24,4.63,cloudy,Medium
Minneapolis,14.0,14.0,0,19.97,2.06,clear,Low
St. Louis,46.0,46.0,0,12.49,3.6,cloudy,Low
Cleveland,20.0,20.0,0,11.21,6.17,cloudy,Low
Cincinnati,33.0,33.0,0,10.35,3.6,mist,Low
Pittsburgh,8.0,15.0,1,16.81,4.12,cloudy,Medium
Paris,16.0,16.0,0,15.24,7.2,cloudy,Low
London,13.0,13.0,0,12.53,4.12,cloudy,Low
Berlin,14.0,21.0,0,13.83,6.26,partly cloudy,Medium
Amsterdam,16.0,32.0,0,12.32,6.69,partly cloudy,High
Madrid,9.0,11.0,0,15.53,8.23,partly cloudy,Low
Rome,29.0,29.0,0,19.83,4.12,partly cloudy,Low
Barcelona,29.0,29.0,0,21.4,7.2,partly cloudy,Low
Lisbon,24.0,24.0,0,18.23,7.2,partly cloudy,Low
Warsaw,14.0,14.0,0,14.67,8.23,clear,Low
Vienna,39.0,39.0,0,15.23,2.57,cloudy,Low
Prague,29.0,41.0,0,14.51,5.14,clear,Medium
Brussels,16.0,16.0,0,13.58,5.66,partly cloudy,Low
Dublin,13.0,29.0,0,11.92,5.14,partly cloudy,High
Oslo,0.0,0.0,1,12.13,2.68,partly cloudy,High
Stockholm,26.0,26.0,0,6.93,7.72,clear,Low
Copenhagen,30.0,34.0,0,10.44,7.72,partly cloudy,Low
Helsinki,17.0,22.0,0,7.32,8.05,cloudy,Medium
Bucharest,21.0,21.0,0,28.73,4.63,clear,Low
Budapest,25.0,34.0,0,20.29,3.6,clear,Medium
Athens,31.0,31.0,0,24.61,6.69,clear,Low
Istanbul,47.0,52.0,0,20.17,1.54,clear,Low
Dubai,80.0,80.0,0,36.01,3.09,clear,Low
Doha,22.0,40.0,0,36.94,3.09,clear,Medium
Tel Aviv,19.0,24.0,0,21.13,5.14,partly cloudy,Medium
Riyadh,64.0,72.0,0,39.92,6.63,cloudy,Low
Jeddah,81.0,81.0,0,29.95,9.65,clear,Low
Cairo,25.0,25.0,0,23.33,4.63,partly cloudy,Low
Johannesburg,13.0,19.0,0,14.54,0.51,clear,Medium
Cape Town,18.0,22.0,0,21.38,3.6,clear,Low
Lagos,54.0,54.0,0,33.12,5.14,partly cloudy,Low
Nairobi,82.0,82.0,0,19.56,3.13,cloudy,Low
Mumbai,18.0,18.0,0,29.0,3.09,fog,Low
New Delhi,23.0,24.0,1,30.07,2.57,fog,Low
Bangalore,21.0,26.0,0,29.42,1.54,partly cloudy,Low
Hyderabad,18.0,28.0,0,28.23,5.66,fog,Medium
Chennai,24.0,24.0,0,26.85,6.17,cloudy,Low
Kolkata,18.0,22.0,0,29.96,5.14,fog,Low
Singapore,49.0,49.0,0,28.34,2.06,cloudy,Low
Bangkok,27.0,27.0,0,30.37,5.01,partly cloudy,Low
Kuala Lumpur,82.0,82.0,0,25.6,1.54,partly cloudy,Low
Jakarta,28.0,29.0,1,27.15,1.54,partly cloudy,Low
Manila,38.0,38.0,0,29.32,2.06,partly cloudy,Low
Hanoi,20.0,24.0,0,26.98,5.77,partly cloudy,Low
Taipei,17.0,17.0,0,25.78,7.72,rain,Low
Hong Kong,15.0,28.0,0,27.01,4.92,clear,Medium
Sydney,23.0,23.0,0,15.56,2.06,rain,Low
Melbourne,20.0,20.0,0,15.51,9.77,partly cloudy,Low
Auckland,12.0,12.0,0,10.25,2.06,clear,Low
Brisbane,15.0,20.0,0,16.94,2.57,rain,Medium
Perth,18.0,18.0,0,15.82,3.6,partly cloudy,Low
Adelaide,22.0,22.0,0,20.02,7.2,partly cloudy,Low
New York,28.0,28.0,0,19.24,5.14,rain,Low
Los Angeles,28.0,28.0,0,14.84,2.06,cloudy,Low
Chicago,18.0,18.0,0,11.29,6.17,cloudy,Low
Houston,13.0,18.0,0,25.27,3.6,partly cloudy,Medium
Phoenix,18.0,18.0,0,23.83,4.47,cloudy,Low
Philadelphia,8.0,12.0,0,20.11,3.6,rain,Medium
San Antonio,22.0,22.0,0,23.83,5.66,cloudy,Low
San Diego,15.0,15.0,0,13.9,4.63,cloudy,Low
Dallas,99.0,99.0,0,23.38,2.68,partly cloudy,Low
San Jose,17.0,25.0,0,14.98,2.57,partly cloudy,Medium
Austin,15.0,15.0,0,25.19,3.09,partly cloudy,Low
Jacksonville,59.0,59.0,0,29.05,7.72,cloudy,Low
Fort Worth,12.0,12.0,0,22.88,4.02,clear,Low
Columbus,33.0,33.0,0,15.1,2.57,rain,Low
Charlotte,14.0,14.0,0,21.01,5.66,cloudy,Low
San Francisco,10.0,12.0,0,14.41,4.12,partly cloudy,Low
Indianapolis,19.0,19.0,0,8.22,5.66,cloudy,Low
Seattle,10.0,14.0,0,11.01,2.57,partly cloudy,Medium
Denver,32.0,38.0,1,19.76,1.79,clear,Low
Washington,17.0,22.0,0,20.69,6.17,cloudy,Medium
Boston,10.0,20.0,0,24.64,3.09,cloudy,High
El Paso,29.0,41.0,0,22.88,4.63,partly cloudy,Medium
Nashville,7.0,8.0,0,13.85,4.12,cloudy,Low
Detroit,12.0,16.0,0,9.63,7.72,rain,Medium
Oklahoma City,26.0,26.0,0,21.25,3.09,partly cloudy,Low
Portland,83.0,83.0,0,11.49,4.12,partly cloudy,Low
Las Vegas,23.0,23.0,0,16.17,6.69,cloudy,Low
Memphis,20.0,20.0,0,16.27,4.12,cloudy,Low
Louisville,18.0,18.0,0,10.87,2.68,rain,Low
Baltimore,16.0,16.0,0,20.74,4.63,cloudy,Low
Milwaukee,23.0,23.0,0,14.58,7.72,clear,Low
Albuquerque,17.0,17.0,0,19.57,0.89,cloudy,Low
Tucson,27.0,41.0,0,23.96,8.23,cloudy,Medium
Fresno,19.0,30.0,0,16.08,3.09,cloudy,Medium
Sacramento,32.0,32.0,0,18.63,7.72,clear,Low
Kansas City,20.0,20.0,0,17.95,0.45,partly cloudy,Low
Atlanta,21.0,27.0,0,18.94,4.12,partly cloudy,Medium
Miami,7.0,7.0,0,27.39,6.17,cloudy,Low
Orlando,14.0,14.0,0,25.73,4.63,clear,Low
Tampa,20.0,20.0,0,29.17,5.66,partly cloudy,Low
Minneapolis,14.0,14.0,0,23.88,2.06,clear,Low
St. Louis,46.0,46.0,0,14.55,4.63,partly cloudy,Low
Cleveland,17.0,20.0,0,13.09,5.14,cloudy,Low
Cincinnati,33.0,33.0,0,12.03,1.54,mist,Low
Pittsburgh,7.0,14.0,1,18.86,1.54,cloudy,High
Paris,16.0,16.0,0,14.13,7.2,clear,Low
London,13.0,13.0,0,12.12,5.66,cloudy,Low
Berlin,14.0,21.0,0,12.4,6.26,rain,Medium
Amsterdam,31.0,31.0,0,10.76,7.72,partly cloudy,Low
Madrid,11.0,11.0,0,15.35,7.2,partly cloudy,Low
Rome,13.0,30.0,0,19.38,3.09,clear,High
Barcelona,24.0,29.0,0,22.28,8.23,partly cloudy,Low
Lisbon,24.0,24.0,0,17.84,5.66,cloudy,Low
Warsaw,14.0,14.0,0,13.64,5.66,clear,Low
Vienna,39.0,39.0,0,15.38,2.57,partly cloudy,Low
Prague,30.0,42.0,0,13.0,4.92,clear,Medium
Brussels,16.0,16.0,0,12.29,5.66,partly cloudy,Low
Dublin,11.0,27.0,0,11.12,5.66,cloudy,High
Oslo,0.0,0.0,1,12.15,0.89,partly cloudy,High
Stockholm,26.0,26.0,0,6.6,4.63,clear,Low
Copenhagen,35.0,35.0,0,9.72,5.66,cloudy,Low
Helsinki,20.0,23.0,0,6.28,10.28,partly cloudy,Low
Bucharest,21.0,21.0,0,25.1,3.6,clear,Low
Budapest,27.0,35.0,0,19.29,3.6,clear,Medium
Athens,10.0,30.0,0,22.89,4.12,partly cloudy,High
Istanbul,51.0,51.0,0,17.21,1.54,clear,Low
Dubai,80.0,80.0,0,35.01,2.06,clear,Low
Doha,21.0,40.0,0,34.92,1.54,clear,Medium
Tel Aviv,24.0,24.0,0,20.03,4.12,partly cloudy,Low
Riyadh,63.0,71.0,0,36.92,6.14,partly cloudy,Low
Jeddah,81.0,81.0,0,27.95,8.37,clear,Low
Cairo,25.0,25.0,0,22.33,5.14,clear,Low
Johannesburg,19.0,19.0,0,10.05,0.0,clear,Low
Cape Town,15.0,21.0,0,16.14,2.24,clear,Medium
Lagos,54.0,54.0,0,31.12,3.6,partly cloudy,Low
Nairobi,82.0,82.0,0,17.23,1.85,cloudy,Low
Mumbai,18.0,18.0,0,29.0,2.57,fog,Low
New Delhi,23.0,24.0,1,29.07,2.57,fog,Low
Bangalore,23.0,26.0,0,25.79,4.12,partly cloudy,Low
Hyderabad,22.0,27.0,0,25.73,4.63,fog,Low
Chennai,24.0,24.0,0,27.31,1.03,rain,Low
Kolkata,23.0,23.0,0,27.96,3.09,fog,Low
Singapore,49.0,49.0,0,27.48,1.54,clear,Low
Bangkok,27.0,27.0,0,30.83,4.83,cloudy,Low
Kuala Lumpur,82.0,82.0,0,24.84,1.54,partly cloudy,Low
Jakarta,30.0,30.0,1,27.11,1.54,partly cloudy,Low
Manila,38.0,38.0,0,28.62,1.54,partly cloudy,Low
Hanoi,20.0,24.0,0,25.98,5.36,rain,Low
Taipei,17.0,17.0,0,25.75,1.79,rain,Low
Hong Kong,20.0,28.0,0,26.86,4.02,partly cloudy,Medium
Sydney,23.0,23.0,0,15.68,2.57,rain,Low
Melbourne,20.0,20.0,0,15.27,9.77,clear,Low
Auckland,12.0,12.0,0,9.4,0.45,clear,Low
Brisbane,21.0,21.0,0,16.47,2.57,partly cloudy,Low
Perth,18.0,18.0,0,15.66,3.6,clear,Low
Adelaide,22.0,22.0,0,20.16,7.2,clear,Low
New York,28.0,28.0,0,19.18,4.63,cloudy,Low
Los Angeles,16.0,27.0,0,15.13,2.06,cloudy,Medium
Chicago,18.0,18.0,0,11.35,6.17,cloudy,Low
Houston,10.0,17.0,0,25.56,3.6,clear,Medium
Phoenix,18.0,18.0,0,24.19,8.23,cloudy,Low
Philadelphia,13.0,13.0,0,19.96,3.09,rain,Low
San Antonio,22.0,22.0,0,24.04,5.66,cloudy,Low
San Diego,15.0,15.0,0,14.11,4.63,cloudy,Low
Dallas,99.0,99.0,0,23.69,1.79,clear,Low
San Jose,15.0,26.0,0,15.44,2.57,partly cloudy,Medium
Austin,15.0,15.0,0,25.27,3.09,partly cloudy,Low
Jacksonville,59.0,59.0,0,29.15,7.72,cloudy,Low
Fort Worth,12.0,12.0,0,23.06,2.57,clear,Low
Columbus,33.0,33.0,0,14.98,2.57,cloudy,Low
Charlotte,14.0,14.0,0,21.18,5.66,cloudy,Low
San Francisco,13.0,13.0,0,14.44,4.12,partly cloudy,Low
Indianapolis,19.0,19.0,0,8.23,5.66,cloudy,Low
Seattle,14.0,14.0,0,11.45,2.57,partly cloudy,Low
Denver,33.0,38.0,1,20.36,2.24,clear,Low
Washington,18.0,22.0,0,20.79,6.17,cloudy,Low
Boston,8.0,20.0,0,24.97,0.89,cloudy,High
El Paso,33.0,40.0,0,23.32,4.63,partly cloudy,Low
Nashville,9.0,9.0,0,13.85,4.12,cloudy,Low
Detroit,17.0,17.0,0,9.55,7.72,cloudy,Low
Oklahoma City,26.0,26.0,0,21.22,3.09,partly cloudy,Low
Portland,83.0,83.0,0,12.09,4.12,partly cloudy,Low
Las Vegas,23.0,23.0,0,16.22,6.69,cloudy,Low
Memphis,20.0,20.0,0,16.45,4.12,cloudy,Low
Louisville,18.0,18.0,0,10.87,2.68,rain,Low
Baltimore,10.0,16.0,0,20.8,4.63,cloudy,Medium
Milwaukee,23.0,23.0,0,15.06,7.72,clear,Low
Albuquerque,13.0,17.0,0,19.95,0.89,cloudy,Medium
Tucson,21.0,40.0,0,23.97,8.23,cloudy,Medium
Fresno,31.0,31.0,0,16.14,3.09,cloudy,Low
Sacramento,32.0,32.0,0,18.82,7.72,clear,Low
Kansas City,20.0,20.0,0,18.09,1.34,partly cloudy,Low
Atlanta,27.0,27.0,0,19.19,4.12,partly cloudy,Low
Miami,7.0,7.0,0,26.77,6.17,rain,Low
Orlando,14.0,14.0,0,25.75,4.63,clear,Low
Tampa,20.0,20.0,0,29.3,5.66,partly cloudy,Low
Minneapolis,14.0,14.0,0,24.37,2.06,clear,Low
St. Louis,46.0,46.0,0,14.52,4.63,partly cloudy,Low
Cleveland,16.0,20.0,0,13.06,5.14,cloudy,Medium
Cincinnati,33.0,33.0,0,12.19,1.79,mist,Low
Pittsburgh,8.0,14.0,1,18.95,1.54,cloudy,Medium
Paris,16.0,16.0,0,13.87,7.2,clear,Low
London,13.0,13.0,0,11.77,5.14,cloudy,Low
Berlin,16.0,21.0,0,12.29,6.26,rain,Medium
Amsterdam,31.0,31.0,0,10.44,6.71,partly cloudy,Low
Madrid,11.0,11.0,0,15.36,6.69,partly cloudy,Low
Rome,29.0,29.0,0,19.06,3.09,clear,Low
Barcelona,29.0,29.0,0,22.09,8.23,partly cloudy,Low
Lisbon,24.0,24.0,0,17.92,5.81,cloudy,Low
Warsaw,14.0,14.0,0,12.9,5.14,clear,Low
Vienna,39.0,39.0,0,15.29,2.57,partly cloudy,Low
Prague,42.0,42.0,0,12.84,4.63,clear,Low
Brussels,16.0,16.0,0,12.36,5.66,partly cloudy,Low
Dublin,13.0,27.0,0,11.02,5.66,cloudy,High
Oslo,0.0,0.0,1,12.1,0.89,cloudy,High
Stockholm,26.0,26.0,0,6.2,4.63,clear,Low
Copenhagen,35.0,35.0,0,9.52,4.63,cloudy,Low
Helsinki,22.0,22.0,0,6.3,9.39,partly cloudy,Low
Bucharest,21.0,21.0,0,24.44,3.6,503,Low
Budapest,27.0,35.0,0,18.18,3.09,clear,Medium
Athens,31.0,31.0,0,21.91,4.12,partly cloudy,Low
Istanbul,51.0,51.0,0,16.8,1.54,clear,Low
Dubai,80.0,80.0,0,35.01,2.06,clear,Low
Doha,23.0,40.0,0,34.3,1.54,clear,Medium
Tel Aviv,24.0,24.0,0,20.11,3.09,partly cloudy,Low
Riyadh,68.0,71.0,0,36.92,5.58,partly cloudy,Low
Jeddah,81.0,81.0,0,27.95,7.5,clear,Low
Cairo,25.0,25.0,0,22.33,4.63,partly cloudy,Low
Johannesburg,19.0,19.0,0,10.79,0.0,clear,Low
Cape Town,22.0,22.0,0,16.07,2.24,clear,Low
Lagos,54.0,54.0,0,31.12,3.6,partly cloudy,Low
Nairobi,82.0,82.0,0,22.02,4.63,cloudy,Low
Mumbai,18.0,18.0,0,29.0,2.57,fog,Low
New Delhi,23.0,24.0,1,29.07,4.12,211,Low
Bangalore,24.0,26.0,0,25.42,4.12,partly cloudy,Low
Hyderabad,21.0,26.0,0,25.73,4.63,fog,Low
Chennai,24.0,24.0,0,27.68,2.57,rain,Low
Kolkata,23.0,23.0,0,27.96,3.09,fog,Low
Singapore,49.0,49.0,0,27.48,1.54,clear,Low
Bangkok,27.0,27.0,0,31.08,4.69,cloudy,Low
Kuala Lumpur,82.0,82.0,0,24.78,1.54,partly cloudy,Low
Jakarta,30.0,30.0,1,26.95,2.29,cloudy,Low
Manila,38.0,38.0,0,28.58,1.79,partly cloudy,Low
Hanoi,25.0,25.0,0,25.98,5.02,clear,Low
Taipei,11.0,16.0,0,25.28,4.12,rain,Medium
Hong Kong,19.0,29.0,0,26.87,4.02,partly cloudy,Medium
Sydney,23.0,23.0,0,15.47,2.57,rain,Low
Melbourne,20.0,20.0,0,15.65,9.77,clear,Low
Auckland,12.0,12.0,0,9.07,2.06,clear,Low
Brisbane,21.0,21.0,0,16.47,2.57,partly cloudy,Low
Perth,18.0,18.0,0,15.66,3.6,clear,Low
Adelaide,22.0,22.0,0,20.14,7.2,clear,Low
Wellington,19.0,19.0,0,5.95,2.06,cloudy,Low
Canberra,40.0,40.0,0,6.9,0.22,cloudy,Low
Christchurch,31.0,31.0,0,0.14,1.03,741,Low
Gold Coast,50.0,50.0,0,17.22,3.09,partly cloudy,Low
Hobart,19.0,19.0,0,17.89,4.63,cloudy,Low
Darwin,27.0,27.0,0,25.06,3.09,cloudy,Low
Cairns,27.0,27.0,0,22.01,7.2,rain,Low
Townsville,26.0,26.0,0,21.86,3.6,cloudy,Low
Geelong,26.0,26.0,0,15.43,7.2,cloudy,Low
Sunshine Coast,51.0,51.0,0,17.75,0.45,clear,Low
Central Coast,53.0,53.0,0,16.25,1.34,cloudy,Low
Newcastle,9.0,9.0,0,17.09,3.2,partly cloudy,Low
Wollongong,22.0,22.0,0,14.16,2.98,cloudy,Low
Mackay,43.0,43.0,0,18.6,7.86,partly cloudy,Low
Coffs Harbour,24.0,24.0,0,16.94,2.57,partly cloudy,Low
Ballarat,38.0,38.0,0,13.61,2.68,cloudy,Low
Bendigo,39.0,39.0,0,13.49,2.17,cloudy,Low
Launceston,21.0,21.0,0,14.03,6.17,cloudy,Low
Mildura,50.0,50.0,0,14.49,5.6,cloudy,Low
Shepparton,46.0,46.0,0,13.77,3.99,cloudy,Low
Wagga Wagga,68.0,68.0,0,11.81,1.51,rain,Low
Albury,28.0,28.0,0,9.44,0.89,cloudy,Low
Lismore,46.0,46.0,0,16.44,1.34,cloudy,Low
Port Macquarie,28.0,28.0,0,17.27,0.45,cloudy,Low
Tamworth,42.0,42.0,0,11.08,1.03,partly cloudy,Low
Dubbo,62.0,62.0,0,14.12,4.63,cloudy,Low
Orange,38.0,38.0,0,9.42,2.68,cloudy,Low
Bathurst,33.0,33.0,0,10.15,0.97,cloudy,Low
Goulburn,84.0,84.0,0,11.5,1.04,cloudy,Low
Queanbeyan,52.0,52.0,0,8.26,0.09,cloudy,Low
New York,28.0,28.0,0,16.5,4.63,mist,Low
Los Angeles,18.0,27.0,0,17.41,2.06,cloudy,Medium
Chicago,12.0,17.0,0,12.81,2.24,cloudy,Medium
Houston,14.0,18.0,0,25.84,10.29,cloudy,Medium
Phoenix,12.0,17.0,0,18.56,6.71,cloudy,Medium
Philadelphia,9.0,13.0,0,19.62,5.66,cloudy,Medium
San Antonio,22.0,22.0,0,19.97,3.6,mist,Low
San Diego,15.0,15.0,0,15.9,4.63,cloudy,Low
Dallas,79.0,97.0,0,20.38,6.17,rain,Low
San Jose,16.0,25.0,0,23.81,6.17,clear,Medium
Austin,15.0,15.0,0,19.8,4.92,mist,Low
Jacksonville,18.0,58.0,0,29.05,5.14,cloudy,High
Fort Worth,12.0,12.0,0,18.01,4.63,storm,Low
Columbus,33.0,33.0,0,17.91,2.06,cloudy,Low
Charlotte,11.0,13.0,0,22.7,4.63,cloudy,Low
San Francisco,13.0,13.0,0,23.11,8.23,711,Low
Indianapolis,19.0,19.0,0,15.09,4.12,cloudy,Low
Seattle,10.0,14.0,0,14.59,3.58,partly cloudy,Medium
Denver,33.0,39.0,0,18.3,3.58,cloudy,Low
Washington,18.0,23.0,0,20.53,4.12,cloudy,Medium
Boston,11.0,21.0,0,10.7,6.69,rain,Medium
El Paso,35.0,40.0,0,22.72,4.47,clear,Low
Nashville,9.0,9.0,0,12.82,2.57,cloudy,Low
Detroit,17.0,17.0,0,16.11,2.57,cloudy,Low
Oklahoma City,26.0,26.0,0,20.94,3.09,clear,Low
Portland,83.0,83.0,0,15.58,3.58,clear,Low
Las Vegas,18.0,22.0,0,16.86,4.12,cloudy,Low
Memphis,20.0,20.0,0,20.81,2.57,partly cloudy,Low
Louisville,18.0,18.0,0,13.29,3.09,cloudy,Low
Baltimore,16.0,16.0,0,19.7,5.66,rain,Low
Milwaukee,23.0,23.0,0,11.49,4.12,cloudy,Low
Albuquerque,13.0,17.0,0,17.94,5.66,clear,Medium
Tucson,21.0,41.0,0,18.95,7.2,cloudy,Medium
Fresno,17.0,31.0,0,21.96,2.57,partly cloudy,Medium
Sacramento,23.0,32.0,0,23.74,11.32,clear,Medium
Kansas City,15.0,19.0,0,22.25,4.12,clear,Medium
Atlanta,21.0,26.0,0,19.03,6.17,cloudy,Low
Miami,5.0,7.0,0,30.39,5.14,cloudy,Medium
Orlando,14.0,14.0,0,29.98,3.13,cloudy,Low
Tampa,14.0,19.0,0,30.37,4.12,partly cloudy,Medium
Minneapolis,10.0,14.0,0,22.57,4.12,clear,Medium
St. Louis,46.0,46.0,0,13.27,3.09,cloudy,Low
Cleveland,20.0,20.0,0,16.1,3.6,211,Low
Cincinnati,33.0,33.0,0,14.12,3.6,cloudy,Low
Pittsburgh,13.0,15.0,0,21.5,3.09,cloudy,Low
Paris,11.0,15.0,0,13.77,6.69,clear,Medium
London,4.0,5.0,1,12.84,5.66,cloudy,Medium
Berlin,14.0,21.0,0,12.47,4.12,clear,Medium
Amsterdam,31.0,31.0,0,11.63,8.23,clear,Low
Madrid,11.0,11.0,0,13.95,2.06,partly cloudy,Low
Rome,23.0,29.0,0,19.77,4.63,partly cloudy,Medium
Barcelona,18.0,28.0,0,14.47,2.57,521,Medium
Lisbon,24.0,24.0,0,17.4,5.66,partly cloudy,Low
Warsaw,14.0,14.0,0,9.27,1.54,clear,Low
Vienna,39.0,39.0,0,8.73,4.47,301,Low
Prague,42.0,42.0,0,10.86,5.36,cloudy,Low
Brussels,16.0,16.0,0,12.63,2.57,partly cloudy,Low
Dublin,9.0,27.0,0,11.26,4.12,partly cloudy,High
Oslo,0.0,0.0,1,14.23,3.9,partly cloudy,High
Stockholm,26.0,26.0,0,10.69,5.66,clear,Low
Copenhagen,35.0,35.0,0,11.36,5.14,partly cloudy,Low
Helsinki,22.0,22.0,0,6.67,8.49,clear,Low
Bucharest,12.0,20.0,0,19.83,3.13,502,Medium
Budapest,35.0,35.0,0,11.82,2.06,rain,Low
Athens,31.0,31.0,0,22.6,3.09,partly cloudy,Low
Istanbul,51.0,51.0,0,18.0,2.57,clear,Low
Dubai,80.0,80.0,0,36.01,1.54,clear,Low
Doha,25.0,40.0,0,34.94,1.54,clear,Medium
Tel Aviv,24.0,24.0,0,19.96,1.03,clear,Low
Riyadh,68.0,72.0,0,34.92,7.36,cloudy,Low
Jeddah,81.0,81.0,0,26.95,8.94,clear,Low
Cairo,25.0,25.0,0,27.33,1.03,clear,Low
Johannesburg,19.0,19.0,0,11.22,1.02,clear,Low
Cape Town,22.0,22.0,0,15.58,3.6,clear,Low
Lagos,37.0,54.0,0,30.12,4.63,partly cloudy,Medium
Nairobi,82.0,82.0,0,18.02,0.0,cloudy,Low
Mumbai,18.0,18.0,0,29.0,3.09,fog,Low
New Delhi,18.0,25.0,1,26.07,1.03,fog,Medium
Bangalore,26.0,26.0,0,25.93,2.57,partly cloudy,Low
Hyderabad,27.0,27.0,0,27.73,5.14,partly cloudy,Low
Chennai,24.0,24.0,0,29.49,2.57,partly cloudy,Low
Kolkata,23.0,23.0,0,28.96,4.12,fog,Low
Singapore,49.0,49.0,0,26.94,2.57,cloudy,Low
Bangkok,27.0,27.0,0,31.23,4.78,cloudy,Low
Kuala Lumpur,82.0,82.0,0,26.6,1.03,partly cloudy,Low
Jakarta,30.0,30.0,1,26.11,0.0,partly cloudy,Low
Manila,38.0,38.0,0,26.81,2.06,partly cloudy,Low
Hanoi,25.0,25.0,0,25.98,4.03,cloudy,Low
Taipei,17.0,17.0,0,27.12,1.54,cloudy,Low
Hong Kong,18.0,28.0,0,27.63,2.68,partly cloudy,Medium
Sydney,23.0,23.0,0,14.92,2.57,cloudy,Low
Melbourne,20.0,20.0,0,19.34,8.75,cloudy,Low
Auckland,12.0,12.0,0,9.7,2.24,clear,Low
Brisbane,7.0,21.0,0,16.02,3.09,clear,High
Perth,18.0,18.0,0,13.28,0.0,cloudy,Low
Adelaide,22.0,22.0,0,15.05,1.34,cloudy,Low
Wellington,19.0,19.0,0,8.81,4.12,cloudy,Low
Canberra,40.0,40.0,0,10.09,1.02,partly cloudy,Low
Christchurch,31.0,31.0,0,11.62,3.81,clear,Low
Gold Coast,50.0,50.0,0,17.73,3.6,301,Low
Hobart,19.0,19.0,0,19.0,12.35,cloudy,Low
Darwin,27.0,27.0,0,27.06,3.09,cloudy,Low
Cairns,27.0,27.0,0,24.01,6.69,cloudy,Low
Townsville,26.0,26.0,0,18.86,2.06,partly cloudy,Low
Geelong,26.0,26.0,0,19.48,5.66,cloudy,Low
Sunshine Coast,51.0,51.0,0,16.48,1.34,partly cloudy,Low
Central Coast,53.0,53.0,0,16.08,1.82,cloudy,Low
Newcastle,9.0,9.0,0,15.37,2.81,cloudy,Low
Wollongong,22.0,22.0,0,12.92,3.19,cloudy,Low
Mackay,43.0,43.0,0,17.49,5.3,partly cloudy,Low
Coffs Harbour,24.0,24.0,0,15.94,1.54,cloudy,Low
Ballarat,38.0,38.0,0,14.17,2.24,cloudy,Low
Bendigo,39.0,39.0,0,17.28,3.4,cloudy,Low
Launceston,21.0,21.0,0,16.03,8.23,cloudy,Low
Mildura,50.0,50.0,0,16.54,5.19,partly cloudy,Low
Shepparton,46.0,46.0,0,16.77,3.26,cloudy,Low
Wagga Wagga,68.0,68.0,0,11.49,1.54,rain,Low
Albury,28.0,28.0,0,11.67,0.45,cloudy,Low
Lismore,46.0,46.0,0,16.99,1.34,cloudy,Low
Port Macquarie,28.0,28.0,0,13.94,0.89,cloudy,Low
Tamworth,42.0,42.0,0,13.08,3.09,cloudy,Low
Dubbo,62.0,62.0,0,12.12,4.12,partly cloudy,Low
Orange,38.0,38.0,0,11.09,0.13,clear,Low
Bathurst,33.0,33.0,0,9.04,0.75,partly cloudy,Low
Goulburn,84.0,84.0,0,7.95,1.34,partly cloudy,Low
Queanbeyan,52.0,52.0,0,8.7,0.47,partly cloudy,Low
New York,28.0,28.0,0,16.09,4.12,rain,Low
Los Angeles,20.0,28.0,0,17.4,4.12,cloudy,Medium
Chicago,11.0,18.0,0,12.82,3.6,cloudy,Medium
Houston,13.0,18.0,0,25.42,9.26,cloudy,Medium
Phoenix,18.0,18.0,0,17.5,6.69,cloudy,Low
Philadelphia,13.0,13.0,0,19.73,5.66,cloudy,Low
San Antonio,14.0,22.0,0,20.74,3.6,mist,Medium
San Diego,15.0,15.0,0,16.07,4.63,cloudy,Low
Dallas,99.0,99.0,0,20.07,2.06,cloudy,Low
San Jose,19.0,26.0,0,24.18,9.26,partly cloudy,Medium
Austin,11.0,15.0,0,19.95,3.6,mist,Medium
Jacksonville,34.0,59.0,0,29.22,4.63,cloudy,Medium
Fort Worth,12.0,12.0,0,17.07,1.54,502,Low
Columbus,33.0,33.0,0,17.74,2.57,cloudy,Low
Charlotte,14.0,14.0,0,23.0,6.69,cloudy,Low
San Francisco,13.0,13.0,0,23.47,5.66,partly cloudy,Low
Indianapolis,19.0,19.0,0,15.61,5.66,cloudy,Low
Seattle,12.0,14.0,0,15.4,3.58,clear,Low
Denver,39.0,39.0,0,19.14,4.02,cloudy,Low
Washington,10.0,23.0,0,21.11,4.63,cloudy,High
Boston,5.0,22.0,0,10.5,6.17,mist,High
El Paso,33.0,41.0,0,22.93,7.2,partly cloudy,Low
Nashville,9.0,9.0,0,13.03,1.54,cloudy,Low
Detroit,17.0,17.0,0,16.37,2.06,cloudy,Low
Oklahoma City,19.0,26.0,0,20.89,3.13,clear,Medium
Portland,83.0,83.0,0,16.73,4.63,clear,Low
Las Vegas,23.0,23.0,0,18.47,2.57,cloudy,Low
Memphis,20.0,20.0,0,21.53,3.09,partly cloudy,Low
Louisville,13.0,18.0,0,13.12,5.66,cloudy,Medium
Baltimore,16.0,16.0,0,20.26,6.17,cloudy,Low
Milwaukee,23.0,23.0,0,11.87,4.12,cloudy,Low
Albuquerque,17.0,17.0,0,18.62,5.14,partly cloudy,Low
Tucson,25.0,40.0,0,19.51,4.12,partly cloudy,Medium
Fresno,17.0,29.0,0,22.98,3.09,partly cloudy,Medium
Sacramento,23.0,31.0,0,24.18,12.86,clear,Medium
Kansas City,20.0,20.0,0,22.92,5.14,clear,Low
Atlanta,19.0,26.0,0,19.44,4.63,cloudy,Medium
Miami,7.0,7.0,0,30.41,4.12,partly cloudy,Low
Orlando,14.0,14.0,0,30.1,4.63,partly cloudy,Low
Tampa,11.0,20.0,0,30.61,4.12,partly cloudy,Medium
Minneapolis,14.0,14.0,0,22.96,4.12,clear,Low
St. Louis,46.0,46.0,0,13.89,4.12,cloudy,Low
Cleveland,17.0,21.0,0,16.97,4.63,211,Low
Cincinnati,33.0,33.0,0,14.13,3.6,cloudy,Low
Pittsburgh,11.0,15.0,0,22.49,4.63,cloudy,Medium
Paris,16.0,16.0,0,13.46,7.72,clear,Low
London,4.0,5.0,1,12.06,6.69,cloudy,Medium
Berlin,21.0,21.0,0,11.85,3.6,clear,Low
Amsterdam,25.0,30.0,0,11.24,6.17,clear,Low
Madrid,11.0,11.0,0,14.03,1.54,partly cloudy,Low
Rome,29.0,29.0,0,18.63,4.12,partly cloudy,Low
Barcelona,17.0,28.0,0,14.62,2.57,521,Medium
Lisbon,24.0,24.0,0,17.46,5.14,partly cloudy,Low
Warsaw,11.0,14.0,0,9.06,2.06,clear,Medium
Vienna,39.0,39.0,0,8.6,5.14,301,Low
Prague,42.0,42.0,0,10.37,5.14,clear,Low
Brussels,16.0,16.0,0,12.41,2.57,clear,Low
Dublin,13.0,27.0,0,10.79,3.6,partly cloudy,High
Oslo,0.0,0.0,1,13.67,3.9,partly cloudy,High
Stockholm,26.0,26.0,0,10.69,4.12,clear,Low
Copenhagen,35.0,35.0,0,10.38,3.6,partly cloudy,Low
Helsinki,20.0,23.0,0,6.26,8.94,clear,Low
Bucharest,21.0,21.0,0,19.83,4.63,502,Low
Budapest,26.0,34.0,0,11.55,1.54,cloudy,Medium
Athens,31.0,31.0,0,22.53,2.57,partly cloudy,Low
Istanbul,51.0,51.0,0,17.2,1.03,clear,Low
Dubai,80.0,80.0,0,37.01,2.06,clear,Low
Doha,22.0,40.0,0,34.94,2.57,clear,Medium
Tel Aviv,24.0,24.0,0,19.89,1.03,clear,Low
Riyadh,67.0,71.0,0,33.92,7.36,cloudy,Low
Jeddah,81.0,81.0,0,26.0,8.88,clear,Low
Cairo,25.0,25.0,0,26.33,1.54,clear,Low
Johannesburg,15.0,19.0,0,10.96,1.02,clear,Medium
Cape Town,22.0,22.0,0,15.57,4.12,clear,Low
Lagos,41.0,54.0,0,29.12,4.12,partly cloudy,Medium
Nairobi,82.0,82.0,0,18.02,1.54,211,Low
Mumbai,18.0,18.0,0,29.0,4.12,fog,Low
New Delhi,24.0,24.0,1,26.07,1.54,fog,Low
Bangalore,26.0,26.0,0,25.93,2.57,partly cloudy,Low
Hyderabad,27.0,27.0,0,27.73,5.14,partly cloudy,Low
Chennai,24.0,24.0,0,29.49,3.09,partly cloudy,Low
Kolkata,23.0,23.0,0,28.96,4.12,fog,Low
Singapore,49.0,49.0,0,26.3,1.03,cloudy,Low
Bangkok,27.0,27.0,0,31.23,4.78,cloudy,Low
Kuala Lumpur,82.0,82.0,0,26.66,0.0,partly cloudy,Low
Jakarta,29.0,30.0,1,26.67,1.21,cloudy,Low
Manila,38.0,38.0,0,26.74,2.06,partly cloudy,Low
Hanoi,25.0,25.0,0,25.98,4.03,cloudy,Low
Taipei,17.0,17.0,0,27.23,2.06,cloudy,Low
Hong Kong,19.0,29.0,0,27.76,3.58,partly cloudy,Medium
Sydney,23.0,23.0,0,14.74,2.57,cloudy,Low
Melbourne,20.0,20.0,0,19.03,8.75,cloudy,Low
Auckland,12.0,12.0,0,9.7,2.24,clear,Low
Brisbane,13.0,21.0,0,15.34,3.6,clear,Medium
Perth,18.0,18.0,0,13.28,0.0,cloudy,Low
Adelaide,22.0,22.0,0,14.71,3.09,cloudy,Low
Wellington,19.0,19.0,0,8.81,4.12,cloudy,Low
Canberra,40.0,40.0,0,10.46,1.02,partly cloudy,Low
Christchurch,31.0,31.0,0,11.62,3.81,clear,Low
Gold Coast,50.0,50.0,0,17.73,4.63,rain,Low
Hobart,19.0,19.0,0,19.0,9.77,cloudy,Low
Darwin,27.0,27.0,0,27.06,3.09,cloudy,Low
Cairns,27.0,27.0,0,23.01,5.66,cloudy,Low
Townsville,26.0,26.0,0,18.86,0.0,partly cloudy,Low
Geelong,7.0,27.0,0,19.03,7.72,cloudy,High
Sunshine Coast,51.0,51.0,0,16.87,1.34,partly cloudy,Low
Central Coast,53.0,53.0,0,16.08,1.82,cloudy,Low
Newcastle,9.0,9.0,0,14.95,0.0,cloudy,Low
Wollongong,22.0,22.0,0,12.36,3.19,cloudy,Low
Mackay,43.0,43.0,0,17.49,5.3,partly cloudy,Low
Coffs Harbour,24.0,24.0,0,15.94,1.54,cloudy,Low
Ballarat,38.0,38.0,0,13.61,2.68,cloudy,Low
Bendigo,39.0,39.0,0,17.28,3.4,cloudy,Low
Launceston,21.0,21.0,0,16.03,8.23,cloudy,Low
Mildura,50.0,50.0,0,16.54,5.19,partly cloudy,Low
Shepparton,46.0,46.0,0,16.77,3.26,cloudy,Low
Wagga Wagga,68.0,68.0,0,11.49,1.54,rain,Low
Albury,28.0,28.0,0,12.78,0.89,cloudy,Low
Lismore,46.0,46.0,0,16.99,0.89,cloudy,Low
Port Macquarie,28.0,28.0,0,13.38,0.45,cloudy,Low
Tamworth,42.0,42.0,0,13.08,3.09,cloudy,Low
Dubbo,62.0,62.0,0,12.12,4.12,partly cloudy,Low
Orange,38.0,38.0,0,11.09,0.13,clear,Low
Bathurst,33.0,33.0,0,9.04,0.75,partly cloudy,Low
Goulburn,84.0,84.0,0,7.78,3.3,partly cloudy,Low
Queanbeyan,52.0,52.0,0,9.12,0.47,partly cloudy,Low
New York,19.0,27.0,0,16.1,4.12,502,Medium
Los Angeles,19.0,28.0,0,17.4,4.63,cloudy,Medium
Chicago,14.0,18.0,0,13.38,3.6,cloudy,Medium
Houston,18.0,18.0,0,25.2,9.26,cloudy,Low
Phoenix,13.0,18.0,0,17.4,6.69,cloudy,Medium
Philadelphia,13.0,13.0,0,19.91,4.63,cloudy,Low
San Antonio,22.0,22.0,0,21.21,3.09,mist,Low
San Diego,9.0,15.0,0,16.43,4.63,cloudy,Medium
Dallas,99.0,99.0,0,18.58,2.57,211,Low
San Jose,14.0,25.0,0,24.91,9.26,partly cloudy,Medium
Austin,15.0,15.0,0,19.68,5.36,mist,Low
Jacksonville,59.0,59.0,0,29.71,4.63,cloudy,Low
Fort Worth,12.0,12.0,0,17.05,1.54,storm,Low
Columbus,24.0,33.0,0,17.62,2.57,cloudy,Medium
Charlotte,11.0,13.0,0,23.08,6.69,cloudy,Low
San Francisco,13.0,13.0,0,23.88,5.66,partly cloudy,Low
Indianapolis,15.0,18.0,0,15.57,5.66,cloudy,Low
Seattle,10.0,14.0,0,16.36,3.13,partly cloudy,Medium
Denver,34.0,39.0,0,19.06,4.02,cloudy,Low
Washington,11.0,22.0,0,21.68,4.63,cloudy,High
Boston,11.0,21.0,0,10.44,6.17,mist,Medium
El Paso,30.0,41.0,0,23.65,7.2,partly cloudy,Medium
Nashville,9.0,9.0,0,13.06,1.54,cloudy,Low
Detroit,17.0,17.0,0,16.72,2.06,cloudy,Low
Oklahoma City,26.0,26.0,0,20.97,3.58,clear,Low
Portland,83.0,83.0,0,17.66,2.24,clear,Low
Las Vegas,12.0,22.0,0,17.67,2.57,cloudy,Medium
Memphis,20.0,20.0,0,21.45,3.09,partly cloudy,Low
Louisville,18.0,18.0,0,12.77,3.09,rain,Low
Baltimore,16.0,16.0,0,20.65,6.17,cloudy,Low
Milwaukee,23.0,23.0,0,12.38,4.12,cloudy,Low
Albuquerque,9.0,16.0,0,18.76,5.14,partly cloudy,Medium
Tucson,22.0,40.0,0,19.55,4.12,partly cloudy,Medium
Fresno,18.0,30.0,0,23.04,3.09,partly cloudy,Medium
Sacramento,32.0,32.0,0,24.49,12.86,clear,Low
Kansas City,20.0,20.0,0,23.02,5.14,clear,Low
Atlanta,15.0,26.0,0,19.28,4.63,cloudy,Medium
Miami,7.0,7.0,0,29.34,4.12,partly cloudy,Low
Orlando,14.0,14.0,0,30.56,4.63,partly cloudy,Low
Tampa,13.0,19.0,0,30.51,5.14,partly cloudy,Medium
Minneapolis,10.0,13.0,0,23.65,4.12,clear,Medium
St. Louis,46.0,46.0,0,14.07,4.12,cloudy,Low
Cleveland,17.0,20.0,0,16.78,4.63,cloudy,Low
Cincinnati,28.0,33.0,0,14.22,3.6,cloudy,Low
Pittsburgh,16.0,16.0,0,23.24,4.63,cloudy,Low
Paris,16.0,16.0,0,13.02,6.69,clear,Low
London,5.0,11.0,1,11.72,5.66,clear,High
Berlin,21.0,21.0,0,11.0,3.13,clear,Low
Amsterdam,31.0,31.0,0,10.69,8.23,clear,Low
Madrid,11.0,11.0,0,13.72,1.54,partly cloudy,Low
Rome,29.0,29.0,0,18.49,4.63,partly cloudy,Low
Barcelona,23.0,29.0,0,14.08,3.6,rain,Medium
Lisbon,24.0,24.0,0,17.46,5.14,partly cloudy,Low
Warsaw,14.0,14.0,0,8.75,2.57,clear,Low
Vienna,39.0,39.0,0,8.46,5.14,301,Low
Prague,32.0,42.0,0,9.79,5.14,clear,Medium
Brussels,16.0,16.0,0,12.18,2.57,clear,Low
Dublin,18.0,27.0,0,10.1,3.6,partly cloudy,Medium
Oslo,0.0,0.0,1,13.64,2.9,clear,High
Stockholm,26.0,26.0,0,10.42,4.12,clear,Low
Copenhagen,35.0,35.0,0,10.09,3.6,partly cloudy,Low
Helsinki,22.0,22.0,0,6.01,9.39,clear,Low
Bucharest,21.0,21.0,0,19.74,4.63,503,Low
Budapest,27.0,34.0,0,11.42,2.06,cloudy,Medium
Athens,20.0,31.0,0,22.23,2.57,partly cloudy,Medium
Istanbul,51.0,51.0,0,16.8,1.54,clear,Low
Dubai,80.0,80.0,0,35.01,1.54,clear,Low
Doha,26.0,40.0,0,33.94,2.57,clear,Medium
Tel Aviv,24.0,24.0,0,19.89,1.54,clear,Low
Riyadh,66.0,71.0,0,33.92,5.48,cloudy,Low
Jeddah,81.0,81.0,0,25.95,8.56,clear,Low
Cairo,25.0,25.0,0,26.33,1.54,clear,Low
Johannesburg,15.0,19.0,0,10.66,0.93,clear,Medium
Cape Town,22.0,22.0,0,15.57,4.12,clear,Low
Lagos,43.0,55.0,0,29.12,4.12,partly cloudy,Medium
Nairobi,82.0,82.0,0,18.02,1.54,211,Low
Mumbai,18.0,18.0,0,29.0,4.12,fog,Low
New Delhi,23.0,24.0,1,26.07,1.54,fog,Low
Bangalore,26.0,26.0,0,25.55,2.57,partly cloudy,Low
Hyderabad,27.0,27.0,0,25.73,5.14,211,Low
Chennai,24.0,24.0,0,29.48,2.57,partly cloudy,Low
Kolkata,23.0,23.0,0,28.96,3.6,fog,Low
Singapore,49.0,49.0,0,26.24,1.03,cloudy,Low
Bangkok,27.0,27.0,0,28.97,4.19,cloudy,Low
Kuala Lumpur,82.0,82.0,0,26.66,0.0,partly cloudy,Low
Jakarta,30.0,30.0,1,26.67,1.04,cloudy,Low
Manila,38.0,38.0,0,26.5,0.89,cloudy,Low
Hanoi,25.0,25.0,0,25.98,4.1,cloudy,Low
Taipei,17.0,17.0,0,27.08,2.06,cloudy,Low
Hong Kong,23.0,29.0,0,27.71,4.02,cloudy,Medium
Sydney,23.0,23.0,0,14.7,2.57,clear,Low
Melbourne,15.0,20.0,0,18.91,8.75,cloudy,Medium
Auckland,12.0,12.0,0,9.57,2.24,clear,Low
Brisbane,21.0,21.0,0,15.35,3.6,clear,Low
Perth,18.0,18.0,0,13.05,0.0,cloudy,Low
Adelaide,22.0,22.0,0,14.59,3.09,cloudy,Low
Wellington,19.0,19.0,0,8.95,4.12,cloudy,Low
Canberra,40.0,40.0,0,10.46,1.12,cloudy,Low
Christchurch,31.0,31.0,0,11.62,3.8,cloudy,Low
Gold Coast,50.0,50.0,0,17.73,3.09,521,Low
Hobart,19.0,19.0,0,19.0,8.23,cloudy,Low
Darwin,27.0,27.0,0,27.06,3.09,partly cloudy,Low
Cairns,27.0,27.0,0,24.01,6.17,partly cloudy,Low
Townsville,26.0,26.0,0,19.86,0.51,partly cloudy,Low
Geelong,26.0,26.0,0,18.93,7.2,partly cloudy,Low
Sunshine Coast,51.0,51.0,0,16.87,1.34,partly cloudy,Low
Central Coast,53.0,53.0,0,12.92,1.75,clear,Low
Newcastle,9.0,9.0,0,14.56,2.68,clear,Low
Wollongong,22.0,22.0,0,12.36,2.7,clear,Low
Mackay,43.0,43.0,0,17.49,5.76,cloudy,Low
Coffs Harbour,24.0,24.0,0,15.94,1.54,cloudy,Low
Ballarat,38.0,38.0,0,13.06,2.24,cloudy,Low
Bendigo,39.0,39.0,0,16.97,2.92,cloudy,Low
Launceston,21.0,21.0,0,16.03,9.26,cloudy,Low
Mildura,50.0,50.0,0,16.28,5.05,partly cloudy,Low
Shepparton,46.0,46.0,0,16.22,3.64,cloudy,Low
Wagga Wagga,68.0,68.0,0,11.92,1.56,rain,Low
Albury,28.0,28.0,0,11.67,0.45,cloudy,Low
Lismore,46.0,46.0,0,16.99,0.89,cloudy,Low
Port Macquarie,28.0,28.0,0,13.38,0.45,clear,Low
Tamworth,42.0,42.0,0,13.08,3.6,cloudy,Low
Dubbo,62.0,62.0,0,12.12,4.12,cloudy,Low
Orange,38.0,38.0,0,11.09,0.17,partly cloudy,Low
Bathurst,29.0,33.0,0,9.05,1.09,clear,Low
Goulburn,84.0,84.0,0,7.25,2.31,cloudy,Low
Queanbeyan,52.0,52.0,0,8.91,1.05,cloudy,Low
New York,28.0,28.0,0,16.14,3.09,mist,Low
Los Angeles,20.0,28.0,0,17.15,5.66,cloudy,Medium
Chicago,12.0,17.0,0,14.12,0.89,partly cloudy,Medium
Houston,13.0,17.0,0,24.51,9.26,cloudy,Medium
Phoenix,13.0,18.0,0,18.2,8.23,cloudy,Medium
Philadelphia,13.0,13.0,0,19.87,5.14,cloudy,Low
San Antonio,14.0,22.0,0,22.05,4.12,cloudy,Medium
San Diego,15.0,15.0,0,16.95,4.63,cloudy,Low
Dallas,77.0,98.0,0,16.88,2.57,211,Medium
San Jose,20.0,26.0,0,25.6,8.23,partly cloudy,Medium
Austin,15.0,15.0,0,19.74,4.12,rain,Low
Jacksonville,40.0,59.0,0,29.57,5.66,cloudy,Medium
Fort Worth,12.0,12.0,0,16.11,6.17,storm,Low
Columbus,27.0,32.0,0,17.32,3.6,cloudy,Low
Charlotte,14.0,14.0,0,23.48,6.69,cloudy,Low
San Francisco,9.0,13.0,0,23.9,7.72,partly cloudy,Medium
Indianapolis,19.0,19.0,0,15.24,6.17,cloudy,Low
Seattle,12.0,14.0,0,16.97,4.12,clear,Low
Denver,34.0,39.0,0,19.25,5.36,cloudy,Low
Washington,16.0,23.0,0,21.29,7.2,cloudy,Medium
Boston,5.0,22.0,0,10.33,6.17,rain,High
El Paso,41.0,41.0,0,23.31,6.17,partly cloudy,Low
Nashville,9.0,9.0,0,13.77,2.57,cloudy,Low
Detroit,13.0,17.0,0,17.01,2.06,cloudy,Medium
Oklahoma City,26.0,26.0,0,21.1,5.66,cloudy,Low
Portland,83.0,83.0,0,18.77,4.63,partly cloudy,Low
Las Vegas,23.0,23.0,0,19.37,2.06,partly cloudy,Low
Memphis,20.0,20.0,0,21.96,4.12,partly cloudy,Low
Louisville,18.0,18.0,0,12.09,4.63,rain,Low
Baltimore,16.0,16.0,0,21.12,5.14,cloudy,Low
Milwaukee,13.0,22.0,0,12.97,2.57,cloudy,Medium
Albuquerque,13.0,17.0,0,18.26,6.34,cloudy,Medium
Tucson,26.0,41.0,0,19.81,4.02,cloudy,Medium
Fresno,20.0,30.0,0,23.73,1.79,cloudy,Medium
Sacramento,19.0,31.0,0,25.28,9.26,clear,Medium
Kansas City,15.0,20.0,0,22.78,3.09,clear,Medium
Atlanta,13.0,27.0,0,19.68,4.63,cloudy,High
Miami,4.0,7.0,0,28.0,6.17,cloudy,Medium
Orlando,14.0,14.0,0,30.9,3.6,partly cloudy,Low
Tampa,13.0,20.0,0,31.02,5.14,partly cloudy,Medium
Minneapolis,14.0,14.0,0,23.77,5.14,clear,Low
St. Louis,36.0,45.0,0,14.66,4.12,cloudy,Medium
Cleveland,16.0,20.0,0,16.02,4.63,211,Medium
Cincinnati,33.0,33.0,0,14.17,3.6,partly cloudy,Low
Pittsburgh,11.0,15.0,0,23.25,5.66,partly cloudy,Medium
Paris,16.0,16.0,0,12.92,6.69,clear,Low
London,13.0,13.0,0,11.06,6.17,clear,Low
Berlin,21.0,21.0,0,9.85,3.13,clear,Low
Amsterdam,31.0,31.0,0,10.34,7.2,clear,Low
Madrid,11.0,11.0,0,13.33,1.03,partly cloudy,Low
Rome,29.0,29.0,0,17.27,4.63,clear,Low
Barcelona,29.0,29.0,0,14.31,2.57,partly cloudy,Low
Lisbon,24.0,24.0,0,17.21,5.14,partly cloudy,Low
Warsaw,14.0,14.0,0,8.05,2.57,clear,Low
Vienna,39.0,39.0,0,8.5,4.12,301,Low
Prague,42.0,42.0,0,9.73,6.26,cloudy,Low
Brussels,16.0,16.0,0,11.57,2.57,clear,Low
Dublin,15.0,27.0,0,10.21,3.58,clear,Medium
Oslo,0.0,0.0,1,13.09,2.9,clear,High
Stockholm,26.0,26.0,0,9.69,3.09,clear,Low
Copenhagen,35.0,35.0,0,9.04,3.09,partly cloudy,Low
Helsinki,22.0,22.0,0,5.93,8.49,clear,Low
Bucharest,21.0,21.0,0,18.92,2.24,502,Low
Budapest,23.0,34.0,0,11.53,2.06,cloudy,Medium
Athens,25.0,31.0,0,21.96,3.58,partly cloudy,Low
Istanbul,51.0,51.0,0,17.12,1.54,clear,Low
Dubai,80.0,80.0,0,35.01,1.54,clear,Low
Doha,27.0,40.0,0,33.94,2.06,clear,Medium
Tel Aviv,24.0,24.0,0,19.89,1.54,clear,Low
Riyadh,68.0,71.0,0,31.92,5.48,cloudy,Low
Jeddah,81.0,81.0,0,25.95,8.56,clear,Low
Cairo,25.0,25.0,0,26.33,2.57,clear,Low
Johannesburg,19.0,19.0,0,10.96,0.92,clear,Low
Cape Town,15.0,22.0,0,14.97,1.34,clear,Medium
Lagos,44.0,55.0,0,28.55,5.86,cloudy,Medium
Nairobi,82.0,82.0,0,16.17,1.22,cloudy,Low
Mumbai,18.0,18.0,0,29.0,3.09,fog,Low
New Delhi,23.0,24.0,1,26.07,1.54,fog,Low
Bangalore,26.0,26.0,0,25.29,2.57,partly cloudy,Low
Hyderabad,27.0,27.0,0,30.94,3.48,cloudy,Low
Chennai,24.0,24.0,0,29.43,2.06,partly cloudy,Low
Kolkata,23.0,23.0,0,28.96,3.6,fog,Low
Singapore,49.0,49.0,0,25.85,0.51,cloudy,Low
Bangkok,27.0,27.0,0,28.97,4.19,cloudy,Low
Kuala Lumpur,82.0,82.0,0,25.33,0.69,cloudy,Low
Jakarta,30.0,30.0,1,26.84,1.04,cloudy,Low
Manila,38.0,38.0,0,26.83,2.06,cloudy,Low
Hanoi,17.0,24.0,0,25.98,4.1,cloudy,Medium
Taipei,17.0,17.0,0,27.08,2.06,cloudy,Low
Hong Kong,19.0,29.0,0,27.61,4.02,cloudy,Medium
Sydney,23.0,23.0,0,14.39,2.57,clear,Low
Melbourne,20.0,20.0,0,18.73,8.23,cloudy,Low
Auckland,12.0,12.0,0,9.37,2.68,clear,Low
Brisbane,21.0,21.0,0,15.77,3.6,clear,Low
Perth,18.0,18.0,0,12.9,0.0,cloudy,Low
Adelaide,22.0,22.0,0,14.9,2.57,cloudy,Low
Wellington,13.0,18.0,0,8.95,4.12,cloudy,Medium
Canberra,40.0,40.0,0,10.83,1.12,cloudy,Low
Christchurch,31.0,31.0,0,11.65,3.69,cloudy,Low
Gold Coast,50.0,50.0,0,17.73,2.57,rain,Low
Hobart,19.0,19.0,0,19.03,8.23,cloudy,Low
Darwin,27.0,27.0,0,26.06,2.06,partly cloudy,Low
Cairns,27.0,27.0,0,24.01,6.17,partly cloudy,Low
Townsville,26.0,26.0,0,19.86,0.51,partly cloudy,Low
Geelong,26.0,26.0,0,18.37,7.2,partly cloudy,Low
Sunshine Coast,51.0,51.0,0,17.75,1.79,partly cloudy,Low
Central Coast,53.0,53.0,0,13.47,1.75,clear,Low
Newcastle,9.0,9.0,0,14.56,2.68,clear,Low
Wollongong,22.0,22.0,0,13.47,2.7,clear,Low
Mackay,43.0,43.0,0,16.94,5.76,cloudy,Low
Coffs Harbour,24.0,24.0,0,15.94,1.54,cloudy,Low
Ballarat,38.0,38.0,0,13.06,1.79,cloudy,Low
Bendigo,39.0,39.0,0,16.95,2.92,cloudy,Low
Launceston,21.0,21.0,0,16.03,9.26,cloudy,Low
Mildura,50.0,50.0,0,16.44,5.05,partly cloudy,Low
Shepparton,46.0,46.0,0,16.45,3.64,cloudy,Low
Wagga Wagga,68.0,68.0,0,11.63,1.56,rain,Low
Albury,28.0,28.0,0,12.78,1.46,cloudy,Low
Lismore,46.0,46.0,0,16.99,0.89,cloudy,Low
Port Macquarie,28.0,28.0,0,13.38,0.89,clear,Low
Tamworth,42.0,42.0,0,13.08,3.6,cloudy,Low
Dubbo,62.0,62.0,0,12.12,4.12,cloudy,Low
Orange,38.0,38.0,0,11.09,0.17,partly cloudy,Low
Bathurst,33.0,33.0,0,8.8,1.09,clear,Low
Goulburn,84.0,84.0,0,7.28,2.31,cloudy,Low
Queanbeyan,52.0,52.0,0,9.05,1.05,cloudy,Low
New York,28.0,28.0,0,15.87,3.58,mist,Low
Los Angeles,21.0,28.0,0,16.77,5.66,cloudy,Medium
Chicago,13.0,18.0,0,13.85,1.79,cloudy,Medium
Houston,11.0,17.0,0,24.22,9.26,cloudy,Medium
Phoenix,18.0,18.0,0,19.13,8.23,cloudy,Low
Philadelphia,7.0,13.0,0,20.1,5.14,rain,Medium
San Antonio,16.0,22.0,0,23.99,5.66,cloudy,Medium
San Diego,9.0,14.0,0,16.6,5.66,cloudy,Medium
Dallas,81.0,97.0,0,16.85,4.12,211,Low
San Jose,19.0,25.0,0,26.35,6.69,partly cloudy,Medium
Austin,15.0,15.0,0,19.93,4.12,rain,Low
Jacksonville,36.0,58.0,0,29.94,6.17,cloudy,Medium
Fort Worth,12.0,12.0,0,16.51,6.17,storm,Low
Columbus,33.0,33.0,0,17.58,4.12,cloudy,Low
Charlotte,14.0,14.0,0,23.25,6.69,cloudy,Low
San Francisco,9.0,12.0,0,25.11,7.72,partly cloudy,Medium
Indianapolis,19.0,19.0,0,15.38,6.17,cloudy,Low
Seattle,10.0,14.0,0,18.15,2.68,partly cloudy,Medium
Denver,39.0,39.0,0,18.46,6.26,cloudy,Low
Washington,15.0,22.0,0,21.65,5.66,cloudy,Medium
Boston,14.0,21.0,0,10.14,5.14,mist,Medium
El Paso,41.0,41.0,0,23.56,2.24,cloudy,Low
Nashville,9.0,9.0,0,13.95,2.57,cloudy,Low
Detroit,17.0,17.0,0,18.27,1.54,cloudy,Low
Oklahoma City,26.0,26.0,0,21.32,5.66,cloudy,Low
Portland,83.0,83.0,0,20.57,2.68,clear,Low
Las Vegas,23.0,23.0,0,18.82,2.06,partly cloudy,Low
Memphis,20.0,20.0,0,21.72,4.12,partly cloudy,Low
Louisville,14.0,18.0,0,12.28,3.09,rain,Medium
Baltimore,8.0,16.0,0,21.98,6.69,cloudy,High
Milwaukee,23.0,23.0,0,13.46,2.68,cloudy,Low
Albuquerque,12.0,16.0,0,17.99,6.32,cloudy,Medium
Tucson,27.0,40.0,0,20.0,4.02,cloudy,Medium
Fresno,21.0,31.0,0,24.5,1.31,clear,Medium
Sacramento,21.0,32.0,0,26.28,11.32,clear,Medium
Kansas City,20.0,20.0,0,23.27,3.09,clear,Low
Atlanta,15.0,27.0,0,19.83,4.63,cloudy,Medium
Miami,7.0,7.0,0,27.16,6.17,cloudy,Low
Orlando,14.0,14.0,0,31.04,3.6,rain,Low
Tampa,12.0,19.0,0,30.94,3.6,partly cloudy,Medium
Minneapolis,10.0,14.0,0,24.16,5.14,clear,Medium
St. Louis,32.0,46.0,0,15.47,1.91,cloudy,Medium
Cleveland,20.0,20.0,0,15.31,4.12,211,Low
Cincinnati,33.0,33.0,0,14.69,3.6,partly cloudy,Low
Pittsburgh,8.0,16.0,0,22.45,5.66,partly cloudy,High
Paris,16.0,16.0,0,12.1,6.17,clear,Low
London,13.0,13.0,0,10.21,4.12,clear,Low
Berlin,21.0,21.0,0,8.14,2.68,clear,Low
Amsterdam,31.0,31.0,0,9.78,6.17,clear,Low
Madrid,11.0,11.0,0,13.14,1.54,partly cloudy,Low
Rome,29.0,29.0,0,17.64,5.14,partly cloudy,Low
Barcelona,29.0,29.0,0,14.45,2.57,partly cloudy,Low
Lisbon,24.0,24.0,0,16.37,4.12,partly cloudy,Low
Warsaw,14.0,14.0,0,7.58,2.57,clear,Low
Vienna,39.0,39.0,0,8.0,5.14,301,Low
Prague,42.0,42.0,0,9.64,3.6,clear,Low
Brussels,16.0,16.0,0,10.65,1.54,clear,Low
Dublin,13.0,27.0,0,8.25,3.09,clear,High
Oslo,0.0,0.0,1,10.89,3.66,clear,High
Stockholm,26.0,26.0,0,8.8,2.57,clear,Low
Copenhagen,35.0,35.0,0,8.26,3.09,partly cloudy,Low
Helsinki,22.0,22.0,0,5.54,6.71,clear,Low
Bucharest,21.0,21.0,0,18.46,3.09,502,Low
Budapest,35.0,35.0,0,11.53,1.79,cloudy,Low
Athens,31.0,31.0,0,21.73,2.57,partly cloudy,Low
Istanbul,51.0,51.0,0,17.12,1.03,clear,Low
Dubai,80.0,80.0,0,34.01,2.06,clear,Low
Doha,27.0,40.0,0,32.94,5.66,clear,Medium
Tel Aviv,24.0,24.0,0,19.82,2.57,clear,Low
Riyadh,71.0,71.0,0,31.92,5.19,cloudy,Low
Jeddah,81.0,81.0,0,25.95,8.56,clear,Low
Cairo,25.0,25.0,0,24.33,4.63,clear,Low
Johannesburg,8.0,18.0,0,11.31,0.73,clear,High
Cape Town,22.0,22.0,0,15.18,2.57,clear,Low
Lagos,54.0,54.0,0,29.12,2.57,partly cloudy,Low
Nairobi,82.0,82.0,0,18.02,2.06,cloudy,Low
Mumbai,18.0,18.0,0,29.0,3.09,fog,Low
New Delhi,24.0,24.0,1,25.07,2.06,fog,Low
Bangalore,26.0,26.0,0,24.59,3.6,partly cloudy,Low
Hyderabad,27.0,27.0,0,22.73,5.14,fog,Low
Chennai,24.0,24.0,0,29.34,2.57,partly cloudy,Low
Kolkata,23.0,23.0,0,28.96,4.12,fog,Low
Singapore,49.0,49.0,0,25.85,0.51,cloudy,Low
Bangkok,27.0,27.0,0,28.97,3.37,cloudy,Low
Kuala Lumpur,82.0,82.0,0,25.6,0.0,partly cloudy,Low
Jakarta,30.0,30.0,1,26.53,1.58,cloudy,Low
Manila,38.0,38.0,0,26.46,2.06,cloudy,Low
Hanoi,25.0,25.0,0,25.98,3.4,partly cloudy,Low
Taipei,17.0,17.0,0,27.43,2.57,cloudy,Low
Hong Kong,20.0,28.0,0,27.63,3.58,cloudy,Medium
Sydney,15.0,23.0,0,14.19,2.57,clear,Medium
Melbourne,20.0,20.0,0,18.43,7.72,cloudy,Low
Auckland,12.0,12.0,0,9.91,2.06,clear,Low
Brisbane,21.0,21.0,0,16.38,2.57,rain,Low
Perth,18.0,18.0,0,12.91,0.0,cloudy,Low
Adelaide,17.0,22.0,0,15.26,1.79,partly cloudy,Medium
Wellington,12.0,18.0,0,8.81,6.69,cloudy,Medium
Canberra,40.0,40.0,0,10.07,1.16,cloudy,Low
Christchurch,21.0,30.0,0,11.62,3.24,cloudy,Medium
Gold Coast,50.0,50.0,0,17.73,3.09,cloudy,Low
Hobart,19.0,19.0,0,19.0,11.32,cloudy,Low
Darwin,27.0,27.0,0,25.06,1.54,cloudy,Low
Cairns,27.0,27.0,0,23.01,7.72,cloudy,Low
Townsville,26.0,26.0,0,18.86,2.57,partly cloudy,Low
Geelong,26.0,26.0,0,18.09,6.17,cloudy,Low
Sunshine Coast,51.0,51.0,0,17.75,1.34,partly cloudy,Low
Central Coast,53.0,53.0,0,12.92,1.34,clear,Low
Newcastle,9.0,9.0,0,14.01,2.7,clear,Low
Wollongong,22.0,22.0,0,12.36,2.33,clear,Low
Mackay,43.0,43.0,0,17.49,5.85,partly cloudy,Low
Coffs Harbour,24.0,24.0,0,15.94,2.06,cloudy,Low
Ballarat,38.0,38.0,0,13.06,2.68,cloudy,Low
Bendigo,39.0,39.0,0,16.78,2.23,cloudy,Low
Launceston,21.0,21.0,0,16.03,8.75,cloudy,Low
Mildura,50.0,50.0,0,16.43,5.0,cloudy,Low
Shepparton,46.0,46.0,0,16.2,3.9,cloudy,Low
Wagga Wagga,68.0,68.0,0,11.37,1.3,rain,Low
Albury,28.0,28.0,0,11.67,0.45,cloudy,Low
Lismore,46.0,46.0,0,16.99,0.45,cloudy,Low
Port Macquarie,28.0,28.0,0,13.38,0.45,partly cloudy,Low
Tamworth,42.0,42.0,0,12.08,0.0,partly cloudy,Low
Dubbo,62.0,62.0,0,12.12,4.12,partly cloudy,Low
Orange,31.0,37.0,0,11.09,0.89,clear,Low
Bathurst,33.0,33.0,0,8.8,1.22,clear,Low
Goulburn,84.0,84.0,0,8.51,3.13,partly cloudy,Low
Queanbeyan,52.0,52.0,0,9.19,1.12,cloudy,Low
New York,16.0,28.0,0,15.87,3.09,mist,Medium
Los Angeles,19.0,28.0,0,16.87,3.09,cloudy,Medium
Chicago,14.0,18.0,0,14.08,2.68,cloudy,Medium
Houston,13.0,17.0,0,24.21,9.26,cloudy,Medium
Phoenix,11.0,17.0,0,19.64,4.12,cloudy,Medium
Philadelphia,10.0,13.0,0,20.22,5.14,rain,Medium
San Antonio,22.0,22.0,0,24.55,5.66,cloudy,Low
San Diego,15.0,15.0,0,16.57,5.66,cloudy,Low
Dallas,74.0,98.0,0,16.49,4.12,mist,Medium
San Jose,16.0,25.0,0,26.62,6.69,partly cloudy,Medium
Austin,15.0,15.0,0,19.93,2.57,rain,Low
Jacksonville,39.0,59.0,0,30.05,6.69,partly cloudy,Medium
Fort Worth,12.0,12.0,0,16.51,5.14,rain,Low
Columbus,21.0,32.0,0,17.45,5.66,cloudy,Medium
Charlotte,11.0,14.0,0,23.39,5.11,partly cloudy,Medium
San Francisco,13.0,13.0,0,25.11,7.72,partly cloudy,Low
Indianapolis,19.0,19.0,0,15.25,3.6,cloudy,Low
Seattle,12.0,14.0,0,18.54,3.6,clear,Low
Denver,33.0,38.0,0,18.13,6.26,cloudy,Low
Washington,23.0,23.0,0,21.81,6.69,cloudy,Low
Boston,10.0,21.0,0,10.11,5.14,mist,High
El Paso,41.0,41.0,0,23.71,7.15,cloudy,Low
Nashville,9.0,9.0,0,13.34,2.93,cloudy,Low
Detroit,13.0,17.0,0,18.83,3.6,cloudy,Medium
Oklahoma City,21.0,26.0,0,21.53,2.24,cloudy,Low
Portland,83.0,83.0,0,20.94,3.6,clear,Low
Las Vegas,23.0,23.0,0,19.74,3.6,cloudy,Low
Memphis,16.0,20.0,0,21.4,2.06,partly cloudy,Medium
Louisville,18.0,18.0,0,12.44,4.12,rain,Low
Baltimore,12.0,16.0,0,22.04,6.69,cloudy,Medium
Milwaukee,23.0,23.0,0,13.31,4.63,cloudy,Low
Albuquerque,7.0,17.0,0,18.46,9.77,cloudy,High
Tucson,18.0,41.0,0,19.94,6.17,cloudy,High
Fresno,21.0,31.0,0,24.37,1.54,cloudy,Medium
Sacramento,19.0,31.0,0,26.51,11.32,clear,Medium
Kansas City,20.0,20.0,0,23.55,3.6,cloudy,Low
Atlanta,18.0,26.0,0,20.17,5.14,cloudy,Medium
Miami,7.0,7.0,0,27.01,0.45,clear,Low
Orlando,14.0,14.0,0,31.32,2.06,rain,Low
Tampa,12.0,19.0,0,30.95,4.63,partly cloudy,Medium
Minneapolis,14.0,14.0,0,24.26,6.17,clear,Low
St. Louis,29.0,45.0,0,15.44,1.91,cloudy,Medium
Cleveland,16.0,20.0,0,15.32,4.63,cloudy,Medium
Cincinnati,33.0,33.0,0,14.56,3.6,cloudy,Low
Pittsburgh,13.0,16.0,0,22.14,5.66,partly cloudy,Low
Paris,16.0,16.0,0,12.15,6.17,clear,Low
London,13.0,13.0,0,10.32,4.12,clear,Low
Berlin,13.0,21.0,0,8.64,2.68,clear,Medium
Amsterdam,31.0,31.0,0,9.48,6.17,clear,Low
Madrid,11.0,11.0,0,13.08,1.54,partly cloudy,Low
Rome,29.0,29.0,0,17.64,5.14,partly cloudy,Low
Barcelona,29.0,29.0,0,14.19,2.57,partly cloudy,Low
Lisbon,24.0,24.0,0,16.49,4.12,partly cloudy,Low
Warsaw,14.0,14.0,0,7.42,2.57,clear,Low
Vienna,39.0,39.0,0,8.03,5.14,301,Low
Prague,42.0,42.0,0,9.62,3.58,clear,Low
Brussels,16.0,16.0,0,10.42,1.54,clear,Low
Dublin,20.0,27.0,0,8.13,3.09,clear,Medium
Oslo,0.0,0.0,1,10.89,3.66,clear,High
Stockholm,26.0,26.0,0,8.55,3.09,clear,Low
Copenhagen,35.0,35.0,0,9.24,3.6,partly cloudy,Low
Helsinki,22.0,22.0,0,5.38,8.49,partly cloudy,Low
Bucharest,21.0,21.0,0,18.04,5.66,502,Low
Budapest,35.0,35.0,0,11.54,2.57,cloudy,Low
Athens,31.0,31.0,0,21.53,4.02,partly cloudy,Low
Istanbul,51.0,51.0,0,17.12,1.03,clear,Low
Dubai,80.0,80.0,0,34.01,2.06,clear,Low
Doha,26.0,40.0,0,32.97,5.66,clear,Medium
Tel Aviv,24.0,24.0,0,18.93,1.54,clear,Low
Riyadh,68.0,71.0,0,31.92,5.19,cloudy,Low
Jeddah,81.0,81.0,0,25.95,8.56,clear,Low
Cairo,25.0,25.0,0,24.33,4.63,clear,Low
Johannesburg,19.0,19.0,0,11.31,0.73,clear,Low
Cape Town,22.0,22.0,0,14.87,2.57,clear,Low
Lagos,54.0,54.0,0,29.12,2.57,partly cloudy,Low
Nairobi,82.0,82.0,0,18.02,2.06,cloudy,Low
Mumbai,18.0,18.0,0,29.0,3.09,fog,Low
New Delhi,24.0,24.0,1,25.07,2.06,fog,Low
Bangalore,26.0,26.0,0,24.51,3.6,partly cloudy,Low
Hyderabad,27.0,27.0,0,22.73,5.14,fog,Low
Chennai,24.0,24.0,0,29.2,2.57,partly cloudy,Low
Kolkata,23.0,23.0,0,28.96,4.12,fog,Low
Singapore,49.0,49.0,0,25.85,0.51,cloudy,Low
Bangkok,27.0,27.0,0,28.95,3.37,cloudy,Low
Kuala Lumpur,82.0,82.0,0,25.5,0.0,partly cloudy,Low
Jakarta,29.0,30.0,1,26.84,1.58,cloudy,Low
Manila,38.0,38.0,0,27.43,1.54,cloudy,Low
Hanoi,19.0,24.0,0,25.98,3.4,partly cloudy,Medium
Taipei,17.0,17.0,0,27.43,2.57,cloudy,Low
Hong Kong,23.0,29.0,0,27.63,3.58,cloudy,Medium
Sydney,23.0,23.0,0,14.19,2.57,clear,Low
Melbourne,20.0,20.0,0,18.43,7.72,cloudy,Low
Auckland,12.0,12.0,0,10.5,1.54,clear,Low
Brisbane,21.0,21.0,0,16.13,2.57,partly cloudy,Low
Perth,18.0,18.0,0,12.1,1.54,clear,Low
Adelaide,22.0,22.0,0,15.36,1.79,partly cloudy,Low
Wellington,12.0,19.0,0,9.86,4.63,cloudy,Medium
Canberra,40.0,40.0,0,9.65,1.16,cloudy,Low
Christchurch,21.0,30.0,0,12.17,3.24,cloudy,Medium
Gold Coast,50.0,50.0,0,17.64,2.06,rain,Low
Hobart,19.0,19.0,0,19.0,11.32,cloudy,Low
Darwin,27.0,27.0,0,25.06,1.54,cloudy,Low
Cairns,27.0,27.0,0,23.01,6.17,cloudy,Low
Townsville,26.0,26.0,0,19.86,0.51,partly cloudy,Low
Geelong,26.0,26.0,0,17.65,4.63,cloudy,Low
Sunshine Coast,51.0,51.0,0,17.75,2.24,partly cloudy,Low
Central Coast,53.0,53.0,0,14.41,1.78,clear,Low
Newcastle,9.0,9.0,0,14.01,2.7,clear,Low
Wollongong,22.0,22.0,0,13.48,2.33,clear,Low
Mackay,43.0,43.0,0,17.49,5.85,partly cloudy,Low
Coffs Harbour,24.0,24.0,0,14.94,2.06,cloudy,Low
Ballarat,38.0,38.0,0,13.06,2.24,cloudy,Low
Bendigo,39.0,39.0,0,16.8,2.23,cloudy,Low
Launceston,16.0,21.0,0,16.03,8.75,cloudy,Medium
Mildura,50.0,50.0,0,16.42,5.0,cloudy,Low
Shepparton,46.0,46.0,0,16.54,3.9,cloudy,Low
Wagga Wagga,68.0,68.0,0,11.24,1.3,rain,Low
Albury,28.0,28.0,0,11.67,0.45,cloudy,Low
Lismore,46.0,46.0,0,17.55,0.97,cloudy,Low
Port Macquarie,28.0,28.0,0,13.38,0.89,partly cloudy,Low
Tamworth,42.0,42.0,0,12.08,2.57,cloudy,Low
Dubbo,62.0,62.0,0,11.12,3.09,partly cloudy,Low
Orange,38.0,38.0,0,11.09,0.89,clear,Low
Bathurst,33.0,33.0,0,8.78,1.22,clear,Low
Goulburn,84.0,84.0,0,9.06,1.34,partly cloudy,Low
Queanbeyan,52.0,52.0,0,9.15,1.12,cloudy,Low
New York,28.0,28.0,0,15.42,4.47,mist,Low
Los Angeles,20.0,28.0,0,14.26,1.54,mist,Medium
Chicago,10.0,17.0,0,14.83,0.45,cloudy,Medium
Houston,11.0,17.0,0,25.02,10.29,cloudy,Medium
Phoenix,13.0,18.0,0,16.14,0.45,cloudy,Medium
Philadelphia,7.0,13.0,0,19.19,2.57,cloudy,Medium
San Antonio,10.0,21.0,0,23.7,5.14,mist,High
San Diego,15.0,15.0,0,13.02,1.54,cloudy,Low
Dallas,99.0,99.0,0,15.72,6.17,cloudy,Low
San Jose,20.0,26.0,0,11.51,3.6,fog,Medium
Austin,15.0,15.0,0,20.28,3.58,mist,Low
Jacksonville,59.0,59.0,0,25.55,1.54,clear,Low
Fort Worth,12.0,12.0,0,15.76,6.69,201,Low
Columbus,24.0,32.0,0,11.36,7.2,rain,Medium
Charlotte,14.0,14.0,0,18.34,0.89,cloudy,Low
San Francisco,13.0,13.0,0,12.34,3.09,clear,Low
Indianapolis,19.0,19.0,0,11.87,1.54,cloudy,Low
Seattle,14.0,14.0,0,8.98,0.89,clear,Low
Denver,39.0,39.0,0,9.33,1.34,cloudy,Low
Washington,9.0,21.0,0,18.49,3.09,cloudy,High
Boston,11.0,20.0,0,12.81,4.63,mist,Medium
El Paso,41.0,41.0,0,12.78,4.63,partly cloudy,Low
Nashville,9.0,9.0,0,13.63,0.0,partly cloudy,Low
Detroit,17.0,17.0,0,13.12,3.6,mist,Low
Oklahoma City,19.0,25.0,0,13.68,2.57,rain,Medium
Portland,83.0,83.0,0,9.71,0.89,partly cloudy,Low
Las Vegas,23.0,23.0,0,14.3,2.06,741,Low
Memphis,20.0,20.0,0,16.79,2.57,partly cloudy,Low
Louisville,18.0,18.0,0,13.61,3.09,cloudy,Low
Baltimore,16.0,16.0,0,21.43,4.12,cloudy,Low
Milwaukee,23.0,23.0,0,16.36,3.6,clear,Low
Albuquerque,17.0,17.0,0,7.91,2.06,cloudy,Low
Tucson,20.0,41.0,0,12.32,2.06,cloudy,High
Fresno,31.0,31.0,0,15.39,4.63,partly cloudy,Low
Sacramento,32.0,32.0,0,14.7,6.17,clear,Low
Kansas City,16.0,20.0,0,14.88,1.54,clear,Medium
Atlanta,16.0,26.0,0,18.08,0.45,clear,Medium
Miami,7.0,7.0,0,28.37,4.63,cloudy,Low
Orlando,14.0,14.0,0,25.25,2.06,partly cloudy,Low
Tampa,14.0,19.0,0,26.99,2.06,clear,Medium
Minneapolis,14.0,14.0,0,18.44,3.09,clear,Low
St. Louis,39.0,45.0,0,13.47,0.45,clear,Low
Cleveland,20.0,20.0,0,13.68,4.63,cloudy,Low
Cincinnati,33.0,33.0,0,11.97,3.09,cloudy,Low
Pittsburgh,11.0,15.0,0,13.59,4.12,cloudy,Medium
Paris,5.0,16.0,0,15.51,7.72,clear,High
London,13.0,13.0,0,14.85,1.79,partly cloudy,Low
Berlin,12.0,21.0,0,16.23,5.14,clear,Medium
Amsterdam,31.0,31.0,0,13.09,6.17,cloudy,Low
Madrid,11.0,11.0,0,15.49,3.09,partly cloudy,Low
Rome,19.0,29.0,0,21.75,5.14,cloudy,Medium
Barcelona,19.0,29.0,0,16.44,5.66,partly cloudy,Medium
Lisbon,24.0,24.0,0,19.47,4.63,partly cloudy,Low
Warsaw,10.0,14.0,0,14.86,4.63,clear,Medium
Vienna,39.0,39.0,0,14.24,5.66,partly cloudy,Low
Prague,25.0,42.0,0,13.03,3.6,cloudy,Medium
Brussels,12.0,16.0,0,16.2,6.1,partly cloudy,Medium
Dublin,13.0,27.0,0,15.61,3.6,cloudy,High
Oslo,0.0,0.0,1,16.02,2.68,clear,High
Stockholm,26.0,26.0,0,10.06,4.63,clear,Low
Copenhagen,8.0,34.0,0,14.44,8.23,clear,High
Helsinki,16.0,23.0,0,5.34,10.73,rain,Medium
Bucharest,21.0,21.0,0,21.94,2.68,partly cloudy,Low
Budapest,10.0,36.0,0,13.44,3.09,cloudy,High
Athens,12.0,32.0,0,26.95,4.12,partly cloudy,High
Istanbul,40.0,52.0,0,20.94,3.09,clear,Medium
Dubai,80.0,80.0,0,36.01,8.75,clear,Low
Doha,22.0,40.0,0,35.54,12.86,clear,Medium
Tel Aviv,16.0,25.0,0,25.11,5.14,clear,Medium
Riyadh,67.0,72.0,0,33.92,5.37,partly cloudy,Low
Jeddah,81.0,81.0,0,30.95,7.79,clear,Low
Cairo,25.0,25.0,0,31.33,3.09,clear,Low
Johannesburg,9.0,18.0,0,22.75,1.45,clear,High
Cape Town,14.0,22.0,0,21.2,5.14,clear,Medium
Lagos,54.0,54.0,0,33.12,2.57,cloudy,Low
Nairobi,82.0,82.0,0,22.02,6.17,rain,Low
Mumbai,10.0,17.0,0,30.0,4.63,fog,Medium
New Delhi,21.0,24.0,1,31.07,2.57,fog,Low
Bangalore,17.0,26.0,0,30.2,3.09,partly cloudy,Medium
Hyderabad,17.0,28.0,0,32.23,3.09,partly cloudy,Medium
Chennai,15.0,24.0,0,30.81,4.63,partly cloudy,Medium
Kolkata,23.0,23.0,0,26.96,2.06,fog,Low
Singapore,49.0,49.0,0,29.53,3.6,cloudy,Low
Bangkok,27.0,27.0,0,33.34,6.54,cloudy,Low
Kuala Lumpur,82.0,82.0,0,29.84,0.0,partly cloudy,Low
Jakarta,24.0,29.0,1,27.29,1.56,cloudy,Low
Manila,29.0,38.0,0,27.16,3.09,211,Medium
Hanoi,20.0,24.0,0,28.98,4.57,cloudy,Low
Taipei,17.0,17.0,0,25.2,5.14,cloudy,Low
Hong Kong,17.0,29.0,0,27.77,2.68,rain,Medium
Sydney,23.0,23.0,0,18.34,2.57,partly cloudy,Low
Melbourne,20.0,20.0,0,18.59,5.14,clear,Low
Auckland,12.0,12.0,0,12.33,0.0,cloudy,Low
Brisbane,21.0,21.0,0,17.14,2.57,partly cloudy,Low
Perth,18.0,18.0,0,16.24,3.09,clear,Low
Adelaide,22.0,22.0,0,18.22,7.2,rain,Low
Wellington,19.0,19.0,0,15.81,14.4,partly cloudy,Low
Canberra,40.0,40.0,0,11.39,2.24,clear,Low
Christchurch,31.0,31.0,0,7.1,1.03,741,Low
Gold Coast,50.0,50.0,0,17.25,2.57,partly cloudy,Low
Hobart,15.0,18.0,0,16.78,6.17,cloudy,Low
Darwin,18.0,27.0,0,28.06,1.03,cloudy,Medium
Cairns,27.0,27.0,0,24.01,5.66,partly cloudy,Low
Townsville,26.0,26.0,0,22.86,2.57,cloudy,Low
Geelong,26.0,26.0,0,17.33,6.17,cloudy,Low
Sunshine Coast,51.0,51.0,0,18.3,2.32,clear,Low
Central Coast,53.0,53.0,0,16.25,2.68,clear,Low
Newcastle,9.0,9.0,0,17.33,0.89,clear,Low
Wollongong,22.0,22.0,0,13.47,3.12,cloudy,Low
Mackay,43.0,43.0,0,21.38,7.15,partly cloudy,Low
Coffs Harbour,24.0,24.0,0,15.94,2.57,clear,Low
Ballarat,38.0,38.0,0,13.61,1.34,partly cloudy,Low
Bendigo,39.0,39.0,0,16.05,1.98,clear,Low
Launceston,21.0,21.0,0,15.03,9.77,cloudy,Low
Mildura,50.0,50.0,0,15.05,3.23,cloudy,Low
Shepparton,46.0,46.0,0,16.26,3.47,clear,Low
Wagga Wagga,68.0,68.0,0,11.34,2.05,clear,Low
Albury,28.0,28.0,0,13.31,1.61,clear,Low
Lismore,46.0,46.0,0,16.99,1.1,clear,Low
Port Macquarie,28.0,28.0,0,15.64,1.34,clear,Low
Tamworth,42.0,42.0,0,11.08,2.57,cloudy,Low
Dubbo,62.0,62.0,0,12.12,2.57,cloudy,Low
Orange,38.0,38.0,0,11.09,1.43,cloudy,Low
Bathurst,33.0,33.0,0,9.93,0.36,clear,Low
Goulburn,84.0,84.0,0,12.4,1.34,partly cloudy,Low
Queanbeyan,52.0,52.0,0,11.52,2.06,clear,Low
